id,first_name,last_name,email,gender,card,balance,currency
1,Rosalyn,Wisham,rwisham0@google.ru,Female,jcb,598989.58,UAH
2,Arie,Savins,asavins1@sciencedaily.com,Male,jcb,962493.40,SEK
3,Orland,Camilleri,ocamilleri2@umich.edu,Male,visa,671682.75,IDR
4,Lucky,Doone,ldoone3@chicagotribune.com,Female,switch,665777.40,PLN
5,Brooks,Hymus,bhymus4@census.gov,Female,jcb,281480.82,RUB
6,Beatrice,Strodder,bstrodder5@engadget.com,Female,jcb,122436.97,UAH
7,Meggy,Smillie,msmillie6@oaic.gov.au,Female,jcb,266164.79,PHP
8,Aeriell,Janning,ajanning7@state.tx.us,Female,bankcard,146068.54,JPY
9,Andriette,Tothacot,atothacot8@wiley.com,Female,jcb,410167.92,COP
10,Cully,Royston,croyston9@topsy.com,Male,switch,990793.97,PLN
11,Stan,Doyland,sdoylanda@google.com.au,Male,china-unionpay,72118.90,CLP
12,Zebulon,Esposito,zespositob@weibo.com,Male,china-unionpay,591903.00,CNY
13,Germana,Lardnar,glardnarc@sitemeter.com,Female,jcb,333593.39,SEK
14,Jacquenetta,Braidley,jbraidleyd@usgs.gov,Female,laser,321079.20,EUR
15,Raimondo,Alonso,ralonsoe@ocn.ne.jp,Male,jcb,830200.74,CNY
16,Harald,Lightman,hlightmanf@bluehost.com,Male,visa,703619.29,CNY
17,Tanney,Lightowlers,tlightowlersg@prweb.com,Male,jcb,755319.82,RUB
18,Hatti,Gwilt,hgwilth@digg.com,Female,jcb,678924.62,IDR
19,Ealasaid,Ashbrook,eashbrooki@topsy.com,Female,bankcard,127316.74,IDR
20,Georgetta,Earpe,gearpej@reuters.com,Female,diners-club-carte-blanche,5766.29,CNY
21,Minni,Kincla,mkinclak@blogs.com,Female,solo,519134.76,RUB
22,Shana,Strodder,sstrodderl@abc.net.au,Female,jcb,221657.82,BYR
23,Artemas,Boss,abossm@va.gov,Male,americanexpress,736393.08,NOK
24,Martha,Coldicott,mcoldicottn@adobe.com,Female,jcb,732008.95,RUB
25,Magnum,Hauxley,mhauxleyo@dyndns.org,Male,maestro,666230.65,IDR
26,Joly,Fawloe,jfawloep@live.com,Female,jcb,293591.36,PEN
27,Camala,Larrett,clarrettq@ifeng.com,Female,switch,381956.16,RUB
28,Yetty,Rodell,yrodellr@ox.ac.uk,Female,jcb,632751.93,BYR
29,Christian,Isakovic,cisakovics@seesaa.net,Female,mastercard,401641.02,JPY
30,Bronnie,Akid,bakidt@yellowbook.com,Male,jcb,913438.42,BRL
31,Valentijn,Kun,vkunu@studiopress.com,Male,bankcard,368386.44,CNY
32,Bruis,Polleye,bpolleyev@bravesites.com,Male,mastercard,691398.17,PLN
33,Davon,Brusle,dbruslew@so-net.ne.jp,Male,instapayment,598502.19,RUB
34,Dulci,Reynish,dreynishx@is.gd,Female,jcb,358879.24,CZK
35,Eldon,Ravenscroft,eravenscrofty@shutterfly.com,Male,mastercard,880010.21,AZN
36,Robinet,Maypother,rmaypotherz@linkedin.com,Male,mastercard,452319.54,PLN
37,Tonia,Spensley,tspensley10@smugmug.com,Female,diners-club-carte-blanche,52910.66,EUR
38,Boothe,Manlow,bmanlow11@123-reg.co.uk,Male,maestro,897115.00,NOK
39,Aridatha,Duesberry,aduesberry12@lycos.com,Female,switch,850826.50,IDR
40,Tedmund,Drake,tdrake13@booking.com,Male,visa,897621.74,ZAR
41,Toma,Sharman,tsharman14@admin.ch,Female,diners-club-carte-blanche,349847.94,NGN
42,Aldwin,Dunge,adunge15@techcrunch.com,Male,diners-club-carte-blanche,155697.39,UAH
43,Isahella,Grigg,igrigg16@cocolog-nifty.com,Female,china-unionpay,157294.45,MVR
44,Avrit,Duplan,aduplan17@wordpress.com,Female,jcb,538891.25,EUR
45,Tony,Haining,thaining18@mit.edu,Male,maestro,719080.58,KES
46,Sawyere,Roels,sroels19@wufoo.com,Male,visa-electron,179895.65,CHF
47,Toby,St Angel,tstangel1a@surveymonkey.com,Female,diners-club-enroute,719910.97,CNY
48,Eziechiele,Monro,emonro1b@google.it,Male,jcb,879682.29,NGN
49,Rebecca,Lared,rlared1c@diigo.com,Female,switch,407399.47,EUR
50,Pattie,Gilpillan,pgilpillan1d@prlog.org,Male,jcb,167368.35,CNY
51,Karylin,Tyres,ktyres1e@woothemes.com,Female,diners-club-carte-blanche,959742.59,RUB
52,Edmund,Agdahl,eagdahl1f@ucla.edu,Male,americanexpress,406360.69,CNY
53,Helge,Sinisbury,hsinisbury1g@nyu.edu,Female,jcb,988440.82,PHP
54,Izzy,Castellino,icastellino1h@dion.ne.jp,Male,jcb,4234.35,RUB
55,Edythe,Carlin,ecarlin1i@unesco.org,Female,jcb,365364.11,PEN
56,Bertie,Troni,btroni1j@facebook.com,Male,jcb,58249.66,USD
57,Margarita,Mephan,mmephan1k@furl.net,Female,jcb,435380.61,MXN
58,Jobyna,Oblein,joblein1l@geocities.jp,Female,maestro,500345.54,PLN
59,Rolf,Avey,ravey1m@facebook.com,Male,maestro,981455.48,RUB
60,Bettye,Purviss,bpurviss1n@dion.ne.jp,Female,china-unionpay,756343.35,CZK
61,Rebeka,Maciak,rmaciak1o@squidoo.com,Female,jcb,550700.37,USD
62,Madelene,Clack,mclack1p@vinaora.com,Female,jcb,358358.30,HRK
63,Prisca,Kimbell,pkimbell1q@google.pl,Female,switch,248678.18,PLN
64,Renard,Overall,roverall1r@mlb.com,Male,jcb,787626.26,RSD
65,Pate,Manuelli,pmanuelli1s@posterous.com,Male,diners-club-carte-blanche,97534.60,IDR
66,Amery,McMennum,amcmennum1t@bbb.org,Male,china-unionpay,208007.06,PEN
67,Lazarus,Freiberg,lfreiberg1u@baidu.com,Male,mastercard,94927.93,USD
68,Giovanni,Pett,gpett1v@alexa.com,Male,visa-electron,347130.39,EUR
69,Ker,Brisland,kbrisland1w@thetimes.co.uk,Male,americanexpress,252824.05,CNY
70,Germayne,Linfitt,glinfitt1x@intel.com,Male,mastercard,699766.93,ARS
71,Codi,Aggiss,caggiss1y@a8.net,Male,diners-club-enroute,106024.68,CNY
72,Arabela,Eilhersen,aeilhersen1z@marketwatch.com,Female,visa-electron,665124.67,CUP
73,Giordano,Dennett,gdennett20@woothemes.com,Male,mastercard,840427.57,PEN
74,Shalne,Bussell,sbussell21@bluehost.com,Female,jcb,868341.51,IDR
75,Ferne,Irwin,firwin22@blogspot.com,Female,instapayment,185507.79,TRY
76,Titus,Keal,tkeal23@walmart.com,Male,bankcard,163518.86,EUR
77,Tomkin,Fulcher,tfulcher24@privacy.gov.au,Male,switch,768150.50,ARS
78,Lucinda,Francescozzi,lfrancescozzi25@wunderground.com,Female,jcb,692355.26,CAD
79,Ardath,McAmish,amcamish26@accuweather.com,Female,jcb,655828.99,NGN
80,Johan,Lambie,jlambie27@facebook.com,Male,switch,203863.45,UAH
81,Thaddeus,Oakton,toakton28@spiegel.de,Male,diners-club-enroute,801337.97,XOF
82,Les,Gronav,lgronav29@europa.eu,Male,switch,199884.12,CNY
83,Gene,Daughtery,gdaughtery2a@addtoany.com,Female,mastercard,206490.48,IDR
84,Bonnee,Sedger,bsedger2b@businesswire.com,Female,china-unionpay,47470.36,AUD
85,Emmalee,Hearst,ehearst2c@virginia.edu,Female,jcb,292715.27,BYR
86,Neala,Corter,ncorter2d@yahoo.com,Female,jcb,299527.96,VND
87,Daren,Gethyn,dgethyn2e@forbes.com,Male,jcb,411895.14,USD
88,Wyatt,Castelain,wcastelain2f@engadget.com,Male,mastercard,452004.76,RUB
89,Almeda,Southby,asouthby2g@google.cn,Female,diners-club-carte-blanche,613269.39,KRW
90,Sallie,Jeremaes,sjeremaes2h@g.co,Female,americanexpress,863573.84,XAF
91,Andy,Gant,agant2i@slashdot.org,Male,jcb,194940.01,CNY
92,Guillermo,Johanssen,gjohanssen2j@histats.com,Male,jcb,102821.83,CNY
93,Edik,Kennifeck,ekennifeck2k@stanford.edu,Male,diners-club-enroute,254553.88,EUR
94,Phylis,Peagram,ppeagram2l@cbc.ca,Female,jcb,233332.55,CNY
95,Justin,Cranmor,jcranmor2m@amazonaws.com,Male,jcb,52478.87,IDR
96,Alfonso,Villalta,avillalta2n@360.cn,Male,visa,688720.31,IDR
97,Hewe,Whorlow,hwhorlow2o@ca.gov,Male,switch,634589.06,CNY
98,Mirella,Skett,mskett2p@devhub.com,Female,jcb,624474.92,EGP
99,Joey,Jindacek,jjindacek2q@hostgator.com,Female,mastercard,512750.42,USD
100,Peterus,Fabbro,pfabbro2r@issuu.com,Male,laser,701131.29,CNY
101,Britt,Pauley,bpauley2s@ustream.tv,Female,switch,266795.66,EUR
102,Kaia,Beaver,kbeaver2t@sakura.ne.jp,Female,laser,130204.60,RUB
103,Doyle,Scotchmur,dscotchmur2u@altervista.org,Male,jcb,22311.23,CNY
104,Tallie,Finding,tfinding2v@ucoz.ru,Male,instapayment,147273.48,IDR
105,Wilmette,Ellum,wellum2w@answers.com,Female,laser,616226.46,PHP
106,Carlie,Yakebovich,cyakebovich2x@time.com,Male,jcb,396596.45,SEK
107,Edwin,Bucky,ebucky2y@gmpg.org,Male,solo,55154.14,KHR
108,Jerrome,Birkenshaw,jbirkenshaw2z@ucsd.edu,Male,mastercard,641753.53,EUR
109,Sheila-kathryn,George,sgeorge30@php.net,Female,switch,536018.61,USD
110,Libbie,Blogg,lblogg31@nba.com,Female,jcb,527095.69,CNY
111,Ulrich,Lavall,ulavall32@nydailynews.com,Male,mastercard,616024.95,CNY
112,Corbie,Nares,cnares33@digg.com,Male,americanexpress,720613.42,PLN
113,Gibby,Heikkinen,gheikkinen34@themeforest.net,Male,maestro,446369.23,CNY
114,Carmelia,Wrightam,cwrightam35@nyu.edu,Female,jcb,86988.68,CNY
115,Kaia,McBay,kmcbay36@google.co.uk,Female,laser,797118.63,CNY
116,Iosep,Marquet,imarquet37@cbc.ca,Male,instapayment,133117.13,KPW
117,Granville,Naile,gnaile38@zdnet.com,Male,mastercard,889685.57,CNY
118,Sephira,Stait,sstait39@artisteer.com,Female,china-unionpay,712376.76,CNY
119,Celestina,Capron,ccapron3a@ustream.tv,Female,mastercard,917995.00,BRL
120,Bibi,Jobe,bjobe3b@dot.gov,Female,americanexpress,918348.09,PHP
121,Tonya,Bachellier,tbachellier3c@xing.com,Female,china-unionpay,731873.87,EUR
122,Jacquenetta,Kinnett,jkinnett3d@google.com.br,Female,visa-electron,301794.06,NPR
123,Eric,Gallardo,egallardo3e@unblog.fr,Male,visa,722258.63,IDR
124,Rahal,Cloute,rcloute3f@howstuffworks.com,Female,switch,514019.56,CNY
125,Adan,Raycroft,araycroft3g@nyu.edu,Female,jcb,907943.97,PYG
126,Gerhard,Varey,gvarey3h@nba.com,Male,visa,224282.78,MAD
127,Vite,Gotthard,vgotthard3i@skype.com,Male,jcb,593455.25,CNY
128,Rubia,Ludlamme,rludlamme3j@miibeian.gov.cn,Female,instapayment,431456.56,AZN
129,Garth,Capeling,gcapeling3k@typepad.com,Male,solo,580320.28,EUR
130,Hartwell,Cleminshaw,hcleminshaw3l@cbc.ca,Male,jcb,230657.73,SDG
131,Lindon,Leemans,lleemans3m@amazon.co.uk,Male,jcb,490300.36,PHP
132,Keary,Dingsdale,kdingsdale3n@wordpress.com,Male,diners-club-carte-blanche,384659.44,HRK
133,Yale,Saban,ysaban3o@fotki.com,Male,americanexpress,885206.35,CAD
134,Teena,Ewing,tewing3p@webnode.com,Female,mastercard,522452.60,EUR
135,Caye,Troker,ctroker3q@hud.gov,Female,mastercard,171736.83,PAB
136,Maye,Yapp,myapp3r@twitter.com,Female,jcb,22302.95,PHP
137,Davis,McKomb,dmckomb3s@list-manage.com,Male,visa-electron,263365.42,SEK
138,Charmine,Phipp,cphipp3t@vkontakte.ru,Female,maestro,109188.69,RUB
139,Christoforo,Rogger,crogger3u@github.com,Male,jcb,483595.19,EUR
140,Yanaton,Clymer,yclymer3v@icio.us,Male,jcb,206860.86,JPY
141,Jolie,Martinets,jmartinets3w@ezinearticles.com,Female,visa,529763.23,NGN
142,Cal,Howitt,chowitt3x@loc.gov,Female,jcb,757934.68,ARS
143,Chip,Mannie,cmannie3y@craigslist.org,Male,jcb,377034.95,JPY
144,Ashien,Edworthy,aedworthy3z@mapquest.com,Female,diners-club-carte-blanche,291255.01,PLN
145,Elton,Walkey,ewalkey40@delicious.com,Male,bankcard,321660.62,CNY
146,Warner,Matiashvili,wmatiashvili41@icio.us,Male,diners-club-enroute,394756.11,IDR
147,Samson,Standbridge,sstandbridge42@msn.com,Male,bankcard,377668.85,VND
148,Cornie,Albany,calbany43@bbc.co.uk,Male,maestro,683706.32,EUR
149,Goran,Richemont,grichemont44@berkeley.edu,Male,jcb,200645.30,MMK
150,Minnie,Clilverd,mclilverd45@fema.gov,Female,mastercard,682397.99,IDR
151,Manya,Moynham,mmoynham46@reddit.com,Female,visa-electron,852650.46,UAH
152,Devondra,Quibell,dquibell47@boston.com,Female,maestro,423032.02,CNY
153,Cad,Drable,cdrable48@utexas.edu,Male,china-unionpay,276332.56,PHP
154,Dolores,Cotte,dcotte49@rediff.com,Female,jcb,563196.12,MGA
155,Kissee,Djordjevic,kdjordjevic4a@umich.edu,Female,instapayment,836815.94,USD
156,Creight,Statersfield,cstatersfield4b@ebay.com,Male,jcb,393237.53,EUR
157,Travis,Gonnard,tgonnard4c@so-net.ne.jp,Male,visa,739213.75,ZAR
158,Julianne,Fawson,jfawson4d@ox.ac.uk,Female,americanexpress,668143.09,IDR
159,Haley,Aspin,haspin4e@mac.com,Female,jcb,702573.83,ZWL
160,Lilias,Ruperti,lruperti4f@macromedia.com,Female,mastercard,804676.42,UAH
161,Kenny,Eubank,keubank4g@mashable.com,Male,jcb,834346.56,EUR
162,Dory,Hassent,dhassent4h@cargocollective.com,Male,diners-club-carte-blanche,168779.56,BSD
163,Artie,Thorold,athorold4i@flavors.me,Male,jcb,494048.49,USD
164,Fan,Lamplugh,flamplugh4j@imdb.com,Female,visa-electron,937994.93,CNY
165,Clarey,Hollindale,chollindale4k@oracle.com,Female,jcb,735976.93,IDR
166,Lonny,Hanniger,lhanniger4l@cornell.edu,Male,jcb,52527.16,XAF
167,Ingram,Farrah,ifarrah4m@newyorker.com,Male,china-unionpay,614400.63,CNY
168,Guendolen,Zannotelli,gzannotelli4n@weather.com,Female,mastercard,406585.08,AMD
169,Ninnetta,Hertwell,nhertwell4o@alibaba.com,Female,visa-electron,439070.08,RUB
170,Lucien,Brickstock,lbrickstock4p@symantec.com,Male,mastercard,285607.55,PKR
171,Waylen,Colafate,wcolafate4q@123-reg.co.uk,Male,jcb,461572.91,MNT
172,Wayne,Tratton,wtratton4r@auda.org.au,Male,jcb,251501.45,USD
173,Claybourne,Getsham,cgetsham4s@thetimes.co.uk,Male,visa-electron,873623.59,HRK
174,Clarie,Etherton,cetherton4t@github.io,Female,mastercard,356170.67,CNY
175,Ceciley,Sach,csach4u@wired.com,Female,diners-club-carte-blanche,685930.01,THB
176,Alford,Strute,astrute4v@cbc.ca,Male,visa-electron,333421.02,CNY
177,Gerladina,Vann,gvann4w@wunderground.com,Female,jcb,683699.31,CNY
178,Christie,Dzeniskevich,cdzeniskevich4x@merriam-webster.com,Male,jcb,642077.44,IDR
179,Melvyn,Titchen,mtitchen4y@bandcamp.com,Male,mastercard,2047.20,CNY
180,Mortimer,Lacer,mlacer4z@facebook.com,Male,switch,137779.23,EUR
181,Levey,Samsin,lsamsin50@surveymonkey.com,Male,diners-club-carte-blanche,61890.80,USD
182,Shawn,Dicty,sdicty51@unblog.fr,Female,bankcard,752667.13,ARS
183,Ertha,Gauld,egauld52@de.vu,Female,jcb,113974.35,KZT
184,Gene,Gieraths,ggieraths53@pen.io,Male,laser,604962.87,CNY
185,Cobb,Maddie,cmaddie54@jigsy.com,Male,laser,499450.61,CZK
186,Guthry,Hansmann,ghansmann55@webmd.com,Male,maestro,834114.76,RUB
187,Lorie,Bothen,lbothen56@unc.edu,Female,instapayment,661941.85,IDR
188,Dacy,Staterfield,dstaterfield57@amazon.de,Female,solo,149272.26,ARS
189,Aurore,Uc,auc58@unc.edu,Female,jcb,588597.85,ILS
190,Harlen,Brockley,hbrockley59@opera.com,Male,jcb,523491.97,SEK
191,Chilton,Thuillier,cthuillier5a@addthis.com,Male,maestro,911251.28,EUR
192,Sunny,McKague,smckague5b@webs.com,Male,visa,808338.98,CNY
193,Drucill,Barchrameev,dbarchrameev5c@odnoklassniki.ru,Female,diners-club-carte-blanche,93973.69,SEK
194,Domini,Wadsworth,dwadsworth5d@examiner.com,Female,jcb,641369.33,SAR
195,Dagny,Glencross,dglencross5e@bandcamp.com,Male,bankcard,809773.93,BRL
196,Aloin,Pieterick,apieterick5f@dmoz.org,Male,bankcard,40277.71,CNY
197,Hannis,Bridgement,hbridgement5g@dagondesign.com,Female,diners-club-carte-blanche,979829.06,PEN
198,Jamesy,Rayer,jrayer5h@cafepress.com,Male,bankcard,538620.04,VND
199,Shay,Rudgard,srudgard5i@miitbeian.gov.cn,Male,jcb,88497.00,KRW
200,Abagael,Dosdill,adosdill5j@sphinn.com,Female,instapayment,515834.72,AFN
201,Karl,MacDonogh,kmacdonogh5k@mapy.cz,Male,diners-club-enroute,952572.20,SYP
202,Eldon,Speerman,espeerman5l@youtu.be,Male,jcb,864071.11,IDR
203,Trude,Oldknowe,toldknowe5m@japanpost.jp,Female,diners-club-enroute,31411.44,CNY
204,Gennifer,Kopman,gkopman5n@bing.com,Female,jcb,515438.97,BRL
205,Selina,Bransby,sbransby5o@seesaa.net,Female,china-unionpay,696196.50,CNY
206,Jefferson,Cobain,jcobain5p@behance.net,Male,mastercard,477199.84,MNT
207,Gui,MacGilfoyle,gmacgilfoyle5q@tamu.edu,Female,visa-electron,825453.37,USD
208,Perice,Krammer,pkrammer5r@alibaba.com,Male,jcb,62332.04,IRR
209,Joshua,Stratz,jstratz5s@bbb.org,Male,maestro,382760.17,THB
210,Vivyanne,Di Biasi,vdibiasi5t@newyorker.com,Female,jcb,521550.15,PHP
211,Lowe,Lambourne,llambourne5u@slate.com,Male,visa-electron,364781.98,VND
212,Jorie,Bourcq,jbourcq5v@google.cn,Female,jcb,491670.05,CNY
213,Allys,Dufore,adufore5w@nationalgeographic.com,Female,jcb,682412.65,CNY
214,Hobie,Ellesworthe,hellesworthe5x@paypal.com,Male,jcb,926406.46,RUB
215,Anthony,Eisold,aeisold5y@netvibes.com,Male,americanexpress,729414.52,IRR
216,Anthony,Spender,aspender5z@businesswire.com,Male,switch,175354.88,RUB
217,Nanni,Hickinbottom,nhickinbottom60@reference.com,Female,switch,41806.21,USD
218,Jaimie,Warmisham,jwarmisham61@printfriendly.com,Male,jcb,721391.28,PLN
219,Edeline,Argo,eargo62@java.com,Female,mastercard,579698.98,XAF
220,Tonia,Stubbings,tstubbings63@reverbnation.com,Female,maestro,340225.63,ETB
221,Broddy,Mc Carrick,bmccarrick64@pbs.org,Male,jcb,890332.14,CNY
222,Bernette,Pedron,bpedron65@blog.com,Female,jcb,4924.09,ALL
223,Donaugh,McFadzean,dmcfadzean66@imgur.com,Male,americanexpress,634921.88,HNL
224,Kordula,O' Reagan,koreagan67@list-manage.com,Female,bankcard,223819.19,RUB
225,Amble,de la Valette Parisot,adelavaletteparisot68@howstuffworks.com,Male,visa,107361.96,CNY
226,Robers,Sprowle,rsprowle69@over-blog.com,Male,jcb,802150.28,IDR
227,Melodie,Drew-Clifton,mdrewclifton6a@meetup.com,Female,jcb,321909.72,EUR
228,Dominga,Sor,dsor6b@samsung.com,Female,jcb,534356.27,CAD
229,Harmonie,Ridger,hridger6c@bluehost.com,Female,jcb,196183.35,PHP
230,Jeannette,Poley,jpoley6d@berkeley.edu,Female,jcb,2386.72,PLN
231,Derward,Fear,dfear6e@google.co.jp,Male,maestro,994287.94,CNY
232,Griffie,Drissell,gdrissell6f@ucsd.edu,Male,diners-club-carte-blanche,54302.20,BRL
233,Darcy,Buffery,dbuffery6g@paginegialle.it,Male,jcb,447560.83,BGN
234,Yalonda,Zanre,yzanre6h@last.fm,Female,jcb,437436.30,GMD
235,Renell,Larwood,rlarwood6i@slate.com,Female,diners-club-carte-blanche,838591.58,SYP
236,Constantine,Tomlin,ctomlin6j@squarespace.com,Male,china-unionpay,796812.90,UAH
237,Calhoun,Theis,ctheis6k@intel.com,Male,bankcard,186204.58,IDR
238,Margo,Boyles,mboyles6l@salon.com,Female,switch,68059.01,ZAR
239,Nikita,Lowther,nlowther6m@geocities.jp,Male,jcb,839506.96,EUR
240,Susanetta,Pryde,spryde6n@hud.gov,Female,jcb,189292.43,CNY
241,Bernardina,Alibone,balibone6o@wix.com,Female,diners-club-enroute,393770.48,JPY
242,Nydia,Elacoate,nelacoate6p@newyorker.com,Female,jcb,175302.34,CZK
243,Jere,Reace,jreace6q@goodreads.com,Female,maestro,828697.91,PLN
244,Gilly,Sudron,gsudron6r@imdb.com,Female,jcb,828300.13,EUR
245,Jayson,Bumphries,jbumphries6s@e-recht24.de,Male,bankcard,19683.29,MXN
246,Hilton,Southerns,hsoutherns6t@nbcnews.com,Male,visa,570808.51,CRC
247,Wyn,Hindmore,whindmore6u@nih.gov,Male,americanexpress,90273.20,CNY
248,Tirrell,Baysting,tbaysting6v@ox.ac.uk,Male,jcb,672514.03,IDR
249,Rickie,Hassan,rhassan6w@printfriendly.com,Male,mastercard,771825.70,KGS
250,Thayne,Avo,tavo6x@gravatar.com,Male,jcb,649405.37,EUR
251,Lianna,Peckham,lpeckham6y@comcast.net,Female,mastercard,778255.21,IDR
252,Jon,Foxcroft,jfoxcroft6z@purevolume.com,Male,diners-club-carte-blanche,539135.29,DOP
253,Annnora,Galletley,agalletley70@ted.com,Female,mastercard,578513.82,PEN
254,Theresa,Mocker,tmocker71@oakley.com,Female,maestro,537531.52,EUR
255,Faith,Warwick,fwarwick72@quantcast.com,Female,americanexpress,756287.23,EUR
256,Teressa,McCullough,tmccullough73@alexa.com,Female,jcb,861874.65,CNY
257,Asher,Ende,aende74@example.com,Male,americanexpress,529685.28,EUR
258,Wilmer,Bart,wbart75@cnbc.com,Male,diners-club-enroute,848439.99,HNL
259,Eliza,Milkin,emilkin76@marriott.com,Female,jcb,10458.15,ARS
260,Lark,Aloshkin,laloshkin77@adobe.com,Female,diners-club-carte-blanche,869559.00,MNT
261,Georgette,Tarling,gtarling78@arstechnica.com,Female,jcb,918184.32,EUR
262,Alaine,Peat,apeat79@aol.com,Female,maestro,668412.11,THB
263,Iolande,Casaletto,icasaletto7a@blogger.com,Female,jcb,701379.09,COP
264,Archy,Moggie,amoggie7b@walmart.com,Male,visa-electron,815079.32,CNY
265,Tracie,Starbuck,tstarbuck7c@youtu.be,Male,mastercard,49401.95,CNY
266,Jay,Harris,jharris7d@acquirethisname.com,Male,maestro,46749.11,JPY
267,Madelon,Cullinane,mcullinane7e@cocolog-nifty.com,Female,switch,905108.84,EUR
268,Antonie,Paulat,apaulat7f@prlog.org,Female,jcb,373241.27,IDR
269,Joan,Geratt,jgeratt7g@oracle.com,Female,jcb,482703.03,IDR
270,Gennie,Elcoux,gelcoux7h@apple.com,Female,jcb,143563.27,RUB
271,Lorant,Noteyoung,lnoteyoung7i@opensource.org,Male,jcb,598163.19,PLN
272,Fernando,Learie,flearie7j@nyu.edu,Male,bankcard,443150.32,CNY
273,Horatius,Jealous,hjealous7k@over-blog.com,Male,jcb,330100.83,CNY
274,Eleanor,Messager,emessager7l@biglobe.ne.jp,Female,jcb,449582.89,EUR
275,Sherlock,Lacaze,slacaze7m@nature.com,Male,jcb,854256.96,CAD
276,Malanie,Bladder,mbladder7n@spiegel.de,Female,jcb,72504.35,IDR
277,Vi,Erasmus,verasmus7o@facebook.com,Female,jcb,183610.89,EUR
278,Pepi,Siggee,psiggee7p@ask.com,Female,jcb,101369.72,MUR
279,Alina,Bunch,abunch7q@nytimes.com,Female,mastercard,328803.87,PLN
280,Opal,Vellender,ovellender7r@chron.com,Female,jcb,400402.29,UAH
281,Suzanna,Gibbs,sgibbs7s@ask.com,Female,mastercard,124325.85,RUB
282,Caitlin,Shopcott,cshopcott7t@cam.ac.uk,Female,jcb,689604.73,EUR
283,Wyatan,Blackney,wblackney7u@issuu.com,Male,diners-club-us-ca,611109.60,RUB
284,Xylia,Curm,xcurm7v@soundcloud.com,Female,diners-club-carte-blanche,855496.93,PLN
285,Clair,Friman,cfriman7w@irs.gov,Male,jcb,788483.68,MGA
286,Ignacius,Pethrick,ipethrick7x@so-net.ne.jp,Male,americanexpress,608540.94,BRL
287,Brod,Moulding,bmoulding7y@prlog.org,Male,mastercard,684543.90,UGX
288,Christian,Tigner,ctigner7z@purevolume.com,Male,jcb,373806.17,CNY
289,Goldina,Lanchbury,glanchbury80@arstechnica.com,Female,diners-club-enroute,971977.16,PHP
290,Kerrin,Dargan,kdargan81@imdb.com,Female,bankcard,84999.35,MYR
291,Guendolen,Filochov,gfilochov82@odnoklassniki.ru,Female,jcb,185034.29,CNY
292,Neron,Ashforth,nashforth83@woothemes.com,Male,instapayment,972703.05,SDG
293,Marquita,Scholl,mscholl84@smugmug.com,Female,diners-club-us-ca,592057.14,VND
294,Paula,Rishman,prishman85@youku.com,Female,maestro,521439.75,EUR
295,Hazlett,Benbough,hbenbough86@typepad.com,Male,mastercard,130335.67,GBP
296,Chrysa,Withrop,cwithrop87@photobucket.com,Female,maestro,222899.91,LYD
297,Truman,Dinley,tdinley88@statcounter.com,Male,jcb,663513.34,BRL
298,Brod,Tybalt,btybalt89@wiley.com,Male,diners-club-enroute,225340.96,CNY
299,Gualterio,Parlet,gparlet8a@wordpress.com,Male,americanexpress,998222.90,SLL
300,Jecho,Death,jdeath8b@theglobeandmail.com,Male,jcb,517094.91,IDR
301,Allianora,Wintersgill,awintersgill8c@discovery.com,Female,jcb,567226.49,PHP
302,Jackquelin,Jacobsohn,jjacobsohn8d@geocities.jp,Female,jcb,947292.42,EUR
303,Royal,de Merida,rdemerida8e@pen.io,Male,jcb,968825.05,IDR
304,Gare,McIlharga,gmcilharga8f@simplemachines.org,Male,visa-electron,642850.35,CNY
305,Todd,Housin,thousin8g@mayoclinic.com,Male,switch,382982.31,CNY
306,Nappy,McOnie,nmconie8h@so-net.ne.jp,Male,mastercard,531459.04,CNY
307,Minnie,Shayler,mshayler8i@odnoklassniki.ru,Female,diners-club-enroute,990078.91,CNY
308,Rina,MacGebenay,rmacgebenay8j@surveymonkey.com,Female,maestro,444654.74,DOP
309,Olympie,Folshom,ofolshom8k@ycombinator.com,Female,maestro,6173.59,IDR
310,Duffie,Westmoreland,dwestmoreland8l@nationalgeographic.com,Male,americanexpress,904212.58,CNY
311,Levey,Kewley,lkewley8m@friendfeed.com,Male,switch,410609.25,CNY
312,Selena,Pickburn,spickburn8n@privacy.gov.au,Female,americanexpress,756491.48,JPY
313,Gretel,Juares,gjuares8o@gravatar.com,Female,diners-club-carte-blanche,516038.22,EUR
314,Doe,Faraker,dfaraker8p@linkedin.com,Female,jcb,897939.71,IDR
315,Rik,Glenton,rglenton8q@slate.com,Male,instapayment,130423.60,BRL
316,Mahalia,Whines,mwhines8r@samsung.com,Female,diners-club-carte-blanche,578939.23,EUR
317,Lindon,Abys,labys8s@bloglovin.com,Male,jcb,695978.85,IDR
318,Leupold,Finder,lfinder8t@newsvine.com,Male,jcb,20858.85,IDR
319,Caroline,Llop,cllop8u@time.com,Female,bankcard,779458.89,CNY
320,Carleen,Keuntje,ckeuntje8v@geocities.com,Female,jcb,404706.52,CUP
321,Melisse,Riddel,mriddel8w@shutterfly.com,Female,diners-club-enroute,213844.23,TWD
322,Leighton,Tiltman,ltiltman8x@amazon.co.jp,Male,bankcard,856032.83,HNL
323,Phaedra,Deluce,pdeluce8y@blinklist.com,Female,mastercard,467853.62,IDR
324,Rosemonde,Gussie,rgussie8z@pen.io,Female,jcb,789135.62,ZAR
325,Alain,O'Drought,aodrought90@fema.gov,Male,mastercard,968882.45,MYR
326,Amaleta,Bonick,abonick91@accuweather.com,Female,switch,397134.45,CAD
327,Redford,Rhule,rrhule92@de.vu,Male,switch,898736.93,PHP
328,Marji,Sambiedge,msambiedge93@jimdo.com,Female,maestro,479007.88,PHP
329,Edmund,Pantin,epantin94@epa.gov,Male,jcb,863724.43,CNY
330,Gaynor,Marginson,gmarginson95@house.gov,Female,jcb,457996.45,SOS
331,Cody,Mossdale,cmossdale96@independent.co.uk,Female,visa-electron,38808.57,IDR
332,Amandie,Elliker,aelliker97@fastcompany.com,Female,americanexpress,852186.34,IDR
333,Cathryn,Scandwright,cscandwright98@people.com.cn,Female,americanexpress,655238.85,TJS
334,Jereme,Keppel,jkeppel99@icio.us,Male,jcb,606141.09,IRR
335,Bradford,Conan,bconan9a@youtu.be,Male,diners-club-carte-blanche,659094.68,EUR
336,Chris,Duckworth,cduckworth9b@shutterfly.com,Male,diners-club-enroute,493936.90,HRK
337,Waylin,Caras,wcaras9c@hostgator.com,Male,jcb,166624.67,PLN
338,Tammy,Richardeau,trichardeau9d@163.com,Female,jcb,303651.01,CNY
339,Conrad,Hassall,chassall9e@utexas.edu,Male,jcb,767999.11,BRL
340,Sigismond,Caraher,scaraher9f@delicious.com,Male,jcb,735035.08,PHP
341,Charin,Geldeford,cgeldeford9g@nytimes.com,Female,bankcard,148049.41,AMD
342,Melisa,Tallboy,mtallboy9h@state.gov,Female,jcb,720244.57,EUR
343,Correy,Mc Pake,cmcpake9i@liveinternet.ru,Male,diners-club-carte-blanche,122552.58,CNY
344,Wilmette,Meaton,wmeaton9j@sohu.com,Female,diners-club-carte-blanche,902568.32,NGN
345,Liesa,Chatterton,lchatterton9k@ovh.net,Female,visa,614749.87,EUR
346,Erminie,Wilde,ewilde9l@bbb.org,Female,china-unionpay,354666.03,KRW
347,Tristan,Ebbins,tebbins9m@blogtalkradio.com,Male,jcb,250020.74,PHP
348,Myrilla,Luckett,mluckett9n@earthlink.net,Female,jcb,685302.43,IDR
349,Benoite,Calbrathe,bcalbrathe9o@craigslist.org,Female,maestro,122247.26,SEK
350,Hermy,Hauck,hhauck9p@state.gov,Male,visa-electron,220289.85,TZS
351,Jacinda,Herrero,jherrero9q@usda.gov,Female,jcb,742488.52,CZK
352,Gustavus,Humbie,ghumbie9r@goo.gl,Male,jcb,573135.41,COP
353,Talia,Deely,tdeely9s@feedburner.com,Female,switch,188205.65,BRL
354,Amberly,Kinnar,akinnar9t@phpbb.com,Female,jcb,659479.89,JPY
355,Joella,Chamberlaine,jchamberlaine9u@google.ru,Female,jcb,46233.43,EUR
356,Gayle,Sandbach,gsandbach9v@is.gd,Female,china-unionpay,707021.57,USD
357,Shelly,Glasard,sglasard9w@google.es,Female,bankcard,654133.35,IRR
358,Omero,Belk,obelk9x@squarespace.com,Male,switch,4301.65,IDR
359,Lexine,Prisley,lprisley9y@quantcast.com,Female,switch,348680.55,IDR
360,Raven,Quantrill,rquantrill9z@reddit.com,Female,jcb,154911.35,BYR
361,Sibbie,Alyoshin,salyoshina0@auda.org.au,Female,maestro,880033.39,CNY
362,Ruby,Lefever,rlefevera1@ed.gov,Female,jcb,186060.70,RUB
363,Berne,Danielsson,bdanielssona2@google.com,Male,jcb,978887.02,RUB
364,Abby,Arndtsen,aarndtsena3@pbs.org,Female,switch,586134.90,KHR
365,Lamont,Renneke,lrennekea4@huffingtonpost.com,Male,jcb,569149.47,EUR
366,Shantee,Cowsby,scowsbya5@wordpress.com,Female,solo,96417.35,TJS
367,Celia,Lowndsbrough,clowndsbrougha6@thetimes.co.uk,Female,jcb,240910.21,LYD
368,Nikolia,Oki,nokia7@dell.com,Female,jcb,905367.18,XAF
369,Ellynn,Heelis,eheelisa8@guardian.co.uk,Female,jcb,652970.40,EUR
370,Min,Shilliday,mshillidaya9@reference.com,Female,diners-club-carte-blanche,110912.37,JPY
371,Zak,Corke,zcorkeaa@prweb.com,Male,laser,560852.72,PLN
372,Matilde,Holyard,mholyardab@furl.net,Female,switch,465368.62,CNY
373,Miltie,Jackling,mjacklingac@ask.com,Male,china-unionpay,250368.65,ZAR
374,Jamil,Chapple,jchapplead@is.gd,Male,americanexpress,418812.04,EUR
375,Sibilla,Cars,scarsae@slashdot.org,Female,laser,244926.61,COP
376,Bidget,Condy,bcondyaf@friendfeed.com,Female,jcb,711395.16,THB
377,Corrina,Melbourn,cmelbournag@delicious.com,Female,mastercard,715329.32,CAD
378,Clement,Chastney,cchastneyah@quantcast.com,Male,americanexpress,52030.33,BRL
379,Lisetta,Dumbarton,ldumbartonai@weibo.com,Female,switch,471891.73,EUR
380,Jeff,Utton,juttonaj@ustream.tv,Male,bankcard,876344.26,SEK
381,Eleni,Esparza,eesparzaak@ihg.com,Female,instapayment,219085.74,CNY
382,Susette,Nisot,snisotal@webmd.com,Female,instapayment,389961.01,BRL
383,Sebastiano,Farrar,sfarraram@yale.edu,Male,maestro,73499.31,CNY
384,Rory,Swindells,rswindellsan@bloglines.com,Female,jcb,463845.43,PHP
385,Vanni,McCarrison,vmccarrisonao@ask.com,Female,jcb,192225.97,PLN
386,Tate,Wiltshier,twiltshierap@nsw.gov.au,Female,maestro,222062.45,CAD
387,Milt,Esposito,mespositoaq@de.vu,Male,jcb,676807.47,PEN
388,Solly,Rawlyns,srawlynsar@narod.ru,Male,maestro,925714.62,USD
389,Latia,Saxby,lsaxbyas@hc360.com,Female,instapayment,929078.35,ZAR
390,Pall,Benterman,pbentermanat@epa.gov,Male,mastercard,8675.32,NGN
391,Ameline,Golt,agoltau@surveymonkey.com,Female,jcb,768123.70,PHP
392,Alissa,Longridge,alongridgeav@amazonaws.com,Female,jcb,283395.84,CNY
393,Artair,Skalls,askallsaw@infoseek.co.jp,Male,jcb,197211.43,PEN
394,Otis,McGinnell,omcginnellax@toplist.cz,Male,jcb,167292.02,JPY
395,Abbey,Stares,astaresay@technorati.com,Male,diners-club-carte-blanche,505822.11,MXN
396,Goldie,Hutcheson,ghutchesonaz@vinaora.com,Female,jcb,187201.68,CNY
397,Abra,Rihosek,arihosekb0@nba.com,Female,mastercard,946891.94,COP
398,Dewie,Braim,dbraimb1@plala.or.jp,Male,jcb,802668.05,PHP
399,Noemi,Charle,ncharleb2@pagesperso-orange.fr,Female,instapayment,629601.54,USD
400,Elbertine,Lebell,elebellb3@ustream.tv,Female,mastercard,710141.72,IDR
401,Travers,Everingham,teveringhamb4@dailymotion.com,Male,jcb,491657.51,RUB
402,Coletta,Fanstone,cfanstoneb5@tuttocitta.it,Female,bankcard,225104.54,SEK
403,Adore,Vernalls,avernallsb6@liveinternet.ru,Female,mastercard,768730.42,BDT
404,Dev,Crosfield,dcrosfieldb7@cpanel.net,Male,diners-club-enroute,498693.40,IDR
405,Myrta,Sandle,msandleb8@netlog.com,Female,bankcard,237340.94,BRL
406,Towny,Froschauer,tfroschauerb9@ucla.edu,Male,americanexpress,298533.83,CNY
407,Warden,Benazet,wbenazetba@nps.gov,Male,jcb,89416.06,IDR
408,Waldo,Batters,wbattersbb@icq.com,Male,jcb,852841.42,PHP
409,Graham,Middlemiss,gmiddlemissbc@cdbaby.com,Male,switch,920314.29,MDL
410,Rockie,Buckby,rbuckbybd@statcounter.com,Male,china-unionpay,738123.22,CNY
411,Shanta,Maharg,smahargbe@netvibes.com,Female,china-unionpay,355866.00,CNY
412,Dulcia,Macci,dmaccibf@gizmodo.com,Female,diners-club-enroute,973712.34,EUR
413,Gavan,Coltart,gcoltartbg@craigslist.org,Male,maestro,260622.31,ALL
414,Brande,Childes,bchildesbh@howstuffworks.com,Female,laser,380156.21,PEN
415,Novelia,Scholes,nscholesbi@issuu.com,Female,china-unionpay,130375.61,CNY
416,Iolande,Pennrington,ipennringtonbj@chron.com,Female,laser,27729.63,CZK
417,Florentia,Penton,fpentonbk@umich.edu,Female,americanexpress,530929.12,RUB
418,Michaelina,Hicks,mhicksbl@nba.com,Female,bankcard,576188.74,RUB
419,Reggy,Spykins,rspykinsbm@xing.com,Male,diners-club-enroute,206717.51,EUR
420,Porty,Gradly,pgradlybn@nasa.gov,Male,jcb,927867.81,CNY
421,Gilligan,Philippe,gphilippebo@google.fr,Female,bankcard,57273.75,CUP
422,Kania,Treen,ktreenbp@google.com,Female,jcb,758107.44,THB
423,Joela,Raitie,jraitiebq@stanford.edu,Female,bankcard,156716.89,PEN
424,Derick,Giannazzo,dgiannazzobr@redcross.org,Male,mastercard,389935.03,JMD
425,Evelyn,Goare,egoarebs@wordpress.org,Female,mastercard,52991.66,MAD
426,Lenora,Sonnenschein,lsonnenscheinbt@networksolutions.com,Female,visa,523185.95,PEN
427,Justus,Whye,jwhyebu@ftc.gov,Male,instapayment,348239.23,LKR
428,Antonin,Spackman,aspackmanbv@123-reg.co.uk,Male,jcb,850058.37,CNY
429,Hugibert,Steel,hsteelbw@telegraph.co.uk,Male,visa-electron,79473.13,EUR
430,Alexia,Carss,acarssbx@google.co.uk,Female,visa-electron,299353.35,HUF
431,Katya,Warde,kwardeby@noaa.gov,Female,laser,244880.38,EUR
432,Modesty,Tellenbrok,mtellenbrokbz@sogou.com,Female,laser,29826.24,JPY
433,Merrily,Maffulli,mmaffullic0@theglobeandmail.com,Female,diners-club-international,937144.11,IDR
434,Salvidor,Ginman,sginmanc1@jimdo.com,Male,jcb,79101.59,CNY
435,Sheff,Lawfull,slawfullc2@answers.com,Male,mastercard,252800.61,CNY
436,Babita,Revance,brevancec3@illinois.edu,Female,diners-club-carte-blanche,984328.03,EUR
437,Berget,Frill,bfrillc4@thetimes.co.uk,Female,diners-club-enroute,699208.92,BGN
438,Deirdre,Farnsworth,dfarnsworthc5@naver.com,Female,switch,378926.84,EUR
439,Mollie,Elnor,melnorc6@yahoo.co.jp,Female,switch,821660.31,SEK
440,Smitty,Bunyan,sbunyanc7@typepad.com,Male,switch,236258.74,MAD
441,Clevie,Barles,cbarlesc8@g.co,Male,diners-club-enroute,764581.76,RUB
442,Byrle,Labet,blabetc9@telegraph.co.uk,Male,mastercard,520382.68,MXN
443,Melisent,Reeson,mreesonca@reuters.com,Female,diners-club-carte-blanche,439922.49,SEK
444,John,Boice,jboicecb@weather.com,Male,bankcard,164259.49,MXN
445,Mauricio,Ogger,moggercc@forbes.com,Male,mastercard,72408.93,XAF
446,Berkie,Duny,bdunycd@salon.com,Male,maestro,473903.17,SEK
447,Stavro,Carncross,scarncrossce@irs.gov,Male,visa-electron,628938.58,ARS
448,Grier,French,gfrenchcf@infoseek.co.jp,Female,americanexpress,128444.19,PLN
449,Farleigh,Cranfield,fcranfieldcg@phoca.cz,Male,instapayment,794762.12,CNY
450,Zorina,LLelweln,zllelwelnch@who.int,Female,bankcard,420812.04,PHP
451,Dino,Philpots,dphilpotsci@multiply.com,Male,diners-club-enroute,499828.45,IDR
452,Vin,Powelee,vpoweleecj@thetimes.co.uk,Female,jcb,971437.17,PEN
453,Loleta,Baldassi,lbaldassick@hatena.ne.jp,Female,mastercard,178332.75,CNY
454,Trever,Wormald,twormaldcl@bloglovin.com,Male,jcb,673410.22,RUB
455,Berkeley,Haward,bhawardcm@adobe.com,Male,visa-electron,263456.80,EUR
456,Hermie,Waghorn,hwaghorncn@slashdot.org,Male,jcb,209827.26,COP
457,Cecelia,Spinks,cspinksco@ft.com,Female,solo,233679.70,JPY
458,Reginald,Wilby,rwilbycp@linkedin.com,Male,jcb,490006.37,CLP
459,Cleve,Wisam,cwisamcq@desdev.cn,Male,jcb,231062.94,SEK
460,Felicio,Branston,fbranstoncr@yolasite.com,Male,jcb,488955.72,RUB
461,Valentijn,Croucher,vcrouchercs@sciencedirect.com,Male,bankcard,652631.64,CNY
462,Shirlene,Storm,sstormct@uiuc.edu,Female,jcb,875943.62,IDR
463,Fanya,Chetwynd,fchetwyndcu@list-manage.com,Female,americanexpress,592922.50,PHP
464,Mersey,Capstack,mcapstackcv@freewebs.com,Female,jcb,711102.84,RUB
465,Trish,Askwith,taskwithcw@goodreads.com,Female,jcb,445794.06,EUR
466,Noami,Mandal,nmandalcx@state.gov,Female,jcb,47091.91,CNY
467,Rupert,Brome,rbromecy@dailymail.co.uk,Male,jcb,160496.59,RUB
468,Thorpe,Pottle,tpottlecz@census.gov,Male,diners-club-carte-blanche,345976.23,IDR
469,Everard,Barkes,ebarkesd0@wiley.com,Male,maestro,20118.29,PHP
470,Harland,Varndell,hvarndelld1@biglobe.ne.jp,Male,jcb,609025.34,PLN
471,Allix,Bearns,abearnsd2@rediff.com,Female,diners-club-carte-blanche,334226.35,RUB
472,Abe,Wolfers,awolfersd3@oaic.gov.au,Male,diners-club-carte-blanche,160952.53,VND
473,Pavlov,Colin,pcolind4@upenn.edu,Male,jcb,582039.76,RUB
474,Burt,Ditchburn,bditchburnd5@elpais.com,Male,jcb,324935.68,COP
475,Pen,Pain,ppaind6@ucoz.com,Male,diners-club-carte-blanche,779166.69,RUB
476,Victoria,Skocroft,vskocroftd7@rediff.com,Female,jcb,810515.85,PHP
477,Frasco,Fuggles,ffugglesd8@psu.edu,Male,jcb,914894.70,AMD
478,Hubert,Merle,hmerled9@wp.com,Male,visa-electron,802667.94,IDR
479,Sebastian,Oxteby,soxtebyda@sfgate.com,Male,jcb,403731.29,MWK
480,Noel,Kenaway,nkenawaydb@ucsd.edu,Female,jcb,946836.52,CNY
481,Raimondo,Starking,rstarkingdc@pcworld.com,Male,visa,786737.06,BRL
482,Gannie,Viggers,gviggersdd@squarespace.com,Male,bankcard,636009.00,PLN
483,Karlens,Beddo,kbeddode@huffingtonpost.com,Male,jcb,280485.68,EUR
484,Salome,Akrigg,sakriggdf@dell.com,Female,jcb,37074.83,EUR
485,Abdel,Farnfield,afarnfielddg@joomla.org,Male,jcb,34963.13,CNY
486,Bevon,Lambrecht,blambrechtdh@statcounter.com,Male,diners-club-international,854566.95,KGS
487,Grannie,MacFie,gmacfiedi@t.co,Male,jcb,274901.32,XOF
488,Amerigo,Novakovic,anovakovicdj@slashdot.org,Male,jcb,598397.38,EUR
489,Anallise,Kasher,akasherdk@narod.ru,Female,jcb,591275.97,EUR
490,Filippo,Gepheart,fgepheartdl@ted.com,Male,jcb,678904.59,EUR
491,Harris,Lemar,hlemardm@php.net,Male,jcb,807929.86,PLN
492,Ebba,Bollins,ebollinsdn@dion.ne.jp,Female,diners-club-enroute,995514.72,ETB
493,Nonah,Waine,nwainedo@sina.com.cn,Female,jcb,609922.11,CNY
494,Brian,Belfield,bbelfielddp@answers.com,Male,americanexpress,717799.18,BGN
495,Murdoch,Mauchlen,mmauchlendq@bravesites.com,Male,jcb,643468.66,EUR
496,Mile,Farish,mfarishdr@telegraph.co.uk,Male,jcb,475475.80,RUB
497,Mamie,Woodroff,mwoodroffds@seesaa.net,Female,mastercard,548582.77,UYU
498,Alidia,Routhorn,arouthorndt@hatena.ne.jp,Female,visa,409043.43,PEN
499,Adrian,Barnwall,abarnwalldu@sitemeter.com,Male,americanexpress,670750.30,RUB
500,Cathryn,Ygou,cygoudv@jigsy.com,Female,jcb,906995.22,CNY
501,Tybalt,Behne,tbehnedw@sina.com.cn,Male,visa-electron,752237.81,IDR
502,Ivette,Hammelberg,ihammelbergdx@slashdot.org,Female,jcb,180937.18,PHP
503,Griz,Lockhart,glockhartdy@economist.com,Male,visa-electron,775256.69,EUR
504,Nadeen,Amyes,namyesdz@merriam-webster.com,Female,diners-club-enroute,39678.22,PHP
505,Ora,Coggon,ocoggone0@wordpress.com,Female,jcb,974378.28,BRL
506,Cammy,Crichton,ccrichtone1@ftc.gov,Male,jcb,305390.05,CNY
507,Val,Granville,vgranvillee2@tumblr.com,Female,jcb,564924.25,IDR
508,Thorvald,Castellino,tcastellinoe3@imdb.com,Male,bankcard,762568.94,NZD
509,Leodora,Sherman,lshermane4@naver.com,Female,mastercard,827372.59,CAD
510,Warren,Reolfi,wreolfie5@timesonline.co.uk,Male,diners-club-carte-blanche,169095.30,CNY
511,Tamqrah,Ebsworth,tebsworthe6@bing.com,Female,visa-electron,40243.20,MUR
512,Nettie,Donwell,ndonwelle7@harvard.edu,Female,solo,785741.51,AZN
513,Dulciana,McPeck,dmcpecke8@who.int,Female,bankcard,923831.90,IDR
514,Paulina,Lattie,plattiee9@meetup.com,Female,solo,266341.69,CNY
515,Marina,Gilluley,mgilluleyea@japanpost.jp,Female,china-unionpay,827103.89,ZAR
516,Lucita,Taylour,ltayloureb@printfriendly.com,Female,switch,940276.85,VND
517,Basia,Coxen,bcoxenec@springer.com,Female,switch,984075.34,USD
518,Annamaria,Arntzen,aarntzened@hubpages.com,Female,mastercard,139050.87,EUR
519,Ray,Ca,rcaee@com.com,Female,jcb,101716.72,CNY
520,Cletus,Gethyn,cgethynef@jiathis.com,Male,jcb,915609.44,CNY
521,Arlen,Wattisham,awattishameg@google.ca,Female,jcb,232809.10,CNY
522,Carole,Maccrea,cmaccreaeh@sina.com.cn,Female,jcb,945344.17,CNY
523,Ramona,Kingdon,rkingdonei@twitpic.com,Female,china-unionpay,988376.18,IRR
524,Remy,Fettis,rfettisej@wikispaces.com,Female,switch,939833.60,CNY
525,Sheela,Sainz,ssainzek@w3.org,Female,jcb,743174.44,PLN
526,Letisha,O'Spellissey,lospellisseyel@mashable.com,Female,maestro,243719.22,VND
527,Abbott,Moulton,amoultonem@discovery.com,Male,visa-electron,97539.33,KZT
528,Alaric,Dunnet,adunneten@loc.gov,Male,visa-electron,343519.92,RUB
529,Kylie,Elis,keliseo@soundcloud.com,Female,mastercard,341930.34,EUR
530,Bobbi,Popham,bpophamep@i2i.jp,Female,jcb,398287.04,PEN
531,Fredric,MacGiffin,fmacgiffineq@blinklist.com,Male,jcb,752687.84,CNY
532,Kain,Cantillion,kcantillioner@hc360.com,Male,solo,43721.36,VND
533,Leontine,Guilloud,lguilloudes@histats.com,Female,bankcard,257292.43,PEN
534,Lida,Davidovic,ldavidovicet@devhub.com,Female,jcb,678281.63,IDR
535,Gabbie,McAlarney,gmcalarneyeu@dailymail.co.uk,Male,jcb,320987.53,CNY
536,Ronda,Amori,ramoriev@ycombinator.com,Female,jcb,851004.82,PLN
537,Brion,McGrill,bmcgrillew@disqus.com,Male,maestro,381011.39,BRL
538,Leigha,Kerss,lkerssex@de.vu,Female,bankcard,986724.86,IQD
539,Prudi,Connold,pconnoldey@usda.gov,Female,bankcard,539881.09,RUB
540,Jock,Wipfler,jwipflerez@cloudflare.com,Male,instapayment,602049.61,BRL
541,Broderic,Birdsey,bbirdseyf0@domainmarket.com,Male,visa-electron,201066.85,CNY
542,Myrtle,Gotthard,mgotthardf1@ca.gov,Female,instapayment,928687.04,SBD
543,Carroll,Fitzroy,cfitzroyf2@patch.com,Male,jcb,457910.03,PHP
544,Kele,Swaffield,kswaffieldf3@tinypic.com,Male,jcb,782484.17,CZK
545,Elwyn,De Carolis,edecarolisf4@printfriendly.com,Male,bankcard,363247.81,HNL
546,Guillema,Babington,gbabingtonf5@nsw.gov.au,Female,china-unionpay,812027.06,IDR
547,Helyn,Geerling,hgeerlingf6@uiuc.edu,Female,laser,581456.76,BGN
548,Alfred,Traske,atraskef7@noaa.gov,Male,jcb,306597.80,THB
549,Archy,Bynert,abynertf8@cdbaby.com,Male,jcb,593526.11,RUB
550,Yettie,Hurleston,yhurlestonf9@ibm.com,Female,instapayment,445826.26,EUR
551,Tani,Rustman,trustmanfa@japanpost.jp,Female,jcb,854501.31,PKR
552,Ardelle,Ash,aashfb@umich.edu,Female,laser,267663.73,NOK
553,Allison,Barrott,abarrottfc@yolasite.com,Female,jcb,554684.68,IDR
554,Briggs,Merritt,bmerrittfd@e-recht24.de,Male,jcb,959619.03,PHP
555,Inessa,Smiz,ismizfe@ezinearticles.com,Female,mastercard,650356.69,CNY
556,Iseabal,Rubinowitsch,irubinowitschff@wikispaces.com,Female,bankcard,224090.71,RUB
557,Brandy,Lawlor,blawlorfg@ftc.gov,Male,americanexpress,596484.80,PEN
558,Kit,Anthon,kanthonfh@usda.gov,Male,jcb,548586.14,EUR
559,Kacey,McPhillips,kmcphillipsfi@bbb.org,Female,jcb,225595.15,USD
560,Linnet,Ruddoch,lruddochfj@google.co.jp,Female,americanexpress,607995.55,IDR
561,Alameda,Carlon,acarlonfk@taobao.com,Female,visa-electron,585875.95,CNY
562,Kile,Richie,krichiefl@last.fm,Male,jcb,943787.45,PHP
563,Randolf,Polley,rpolleyfm@bloglovin.com,Male,jcb,441918.93,PHP
564,Sile,Lortzing,slortzingfn@java.com,Female,diners-club-us-ca,770974.84,UAH
565,Fidelity,Frend,ffrendfo@addtoany.com,Female,laser,68194.86,HNL
566,Oswell,Mitten,omittenfp@artisteer.com,Male,jcb,852746.81,CNY
567,Elsinore,Josuweit,ejosuweitfq@google.cn,Female,jcb,965260.13,EUR
568,Pail,Merfin,pmerfinfr@arizona.edu,Male,diners-club-enroute,707986.50,CNY
569,Kati,Boice,kboicefs@bigcartel.com,Female,jcb,424624.08,IDR
570,Klarika,Godwyn,kgodwynft@nih.gov,Female,instapayment,729037.36,CNY
571,Brianna,Silcocks,bsilcocksfu@hc360.com,Female,visa-electron,786313.82,PEN
572,Abraham,Sedcole,asedcolefv@shareasale.com,Male,china-unionpay,118028.85,BIF
573,Wrennie,Dalby,wdalbyfw@si.edu,Female,diners-club-carte-blanche,690510.58,CNY
574,Korie,Hurche,khurchefx@tripadvisor.com,Female,bankcard,811078.87,PLN
575,Moshe,Ende,mendefy@ebay.co.uk,Male,jcb,737638.68,EUR
576,Kaitlynn,Copley,kcopleyfz@multiply.com,Female,bankcard,803723.39,THB
577,Alexia,Gravy,agravyg0@skyrock.com,Female,jcb,809648.96,USD
578,Cobb,Gurdon,cgurdong1@dedecms.com,Male,jcb,587551.41,CNY
579,Zane,Bresnahan,zbresnahang2@bbc.co.uk,Male,jcb,229091.90,VEF
580,Laura,Christol,lchristolg3@tuttocitta.it,Female,diners-club-carte-blanche,939037.22,ALL
581,Cyrillus,Hamlyn,chamlyng4@comsenz.com,Male,americanexpress,638804.77,RUB
582,Anders,Heminsley,aheminsleyg5@youku.com,Male,mastercard,416165.83,IDR
583,Arthur,McDonnell,amcdonnellg6@acquirethisname.com,Male,diners-club-enroute,472516.01,RUB
584,Stephannie,Boshard,sboshardg7@ibm.com,Female,jcb,450536.20,KMF
585,Jerrie,Wafer,jwaferg8@multiply.com,Female,visa,519210.62,CNY
586,Rene,Komorowski,rkomorowskig9@webmd.com,Male,jcb,803843.62,CNY
587,Benedick,Semechik,bsemechikga@yahoo.com,Male,jcb,793274.95,IDR
588,Julio,Oherlihy,joherlihygb@java.com,Male,mastercard,229854.92,MYR
589,Arlette,Marskell,amarskellgc@bing.com,Female,mastercard,447135.56,KZT
590,Hodge,Henfre,hhenfregd@stumbleupon.com,Male,diners-club-enroute,82454.04,BRL
591,Andros,Chaplain,achaplainge@cnbc.com,Male,mastercard,571460.15,RUB
592,Foss,McGillacoell,fmcgillacoellgf@google.ca,Male,jcb,334822.26,CNY
593,Phoebe,Ciementini,pciementinigg@utexas.edu,Female,jcb,555834.45,MAD
594,Eustace,Vice,evicegh@examiner.com,Male,mastercard,593875.62,PHP
595,Selie,Blanch,sblanchgi@icq.com,Female,bankcard,463193.29,PHP
596,Alvie,Jager,ajagergj@booking.com,Male,jcb,129721.57,ALL
597,Jean,McCuffie,jmccuffiegk@ask.com,Male,jcb,208718.79,IDR
598,Bride,Sauven,bsauvengl@patch.com,Female,laser,480116.77,RUB
599,Lona,D'Alessandro,ldalessandrogm@privacy.gov.au,Female,jcb,183587.53,CZK
600,Erie,Falco,efalcogn@bbc.co.uk,Male,jcb,656384.55,JPY
601,Stanley,Battell,sbattellgo@blogtalkradio.com,Male,jcb,700764.71,PHP
602,Nobie,Goldsmith,ngoldsmithgp@rambler.ru,Male,jcb,551605.49,UZS
603,Swen,Heather,sheathergq@sun.com,Male,diners-club-carte-blanche,278537.97,THB
604,Trula,Fearnside,tfearnsidegr@blogspot.com,Female,visa-electron,730246.07,RUB
605,Tyler,Bouda,tboudags@techcrunch.com,Male,jcb,506075.12,PHP
606,Israel,Birkinshaw,ibirkinshawgt@wix.com,Male,jcb,365070.04,XOF
607,D'arcy,Duffell,dduffellgu@themeforest.net,Male,bankcard,128041.64,EUR
608,Art,Kaas,akaasgv@twitpic.com,Male,jcb,674891.36,AMD
609,Cindelyn,Dicte,cdictegw@eventbrite.com,Female,jcb,387185.18,CNY
610,Nadeen,Bullimore,nbullimoregx@t.co,Female,diners-club-us-ca,421087.63,RUB
611,Arlie,Tuckerman,atuckermangy@forbes.com,Female,americanexpress,767411.16,EUR
612,Garner,Featherstonhalgh,gfeatherstonhalghgz@cargocollective.com,Male,jcb,350894.44,ALL
613,Jake,Baish,jbaishh0@linkedin.com,Male,china-unionpay,508807.16,GEL
614,Giralda,Dorsett,gdorsetth1@apache.org,Female,mastercard,220830.29,IDR
615,Darwin,Hutchason,dhutchasonh2@uiuc.edu,Male,jcb,495203.84,PLN
616,Ambrose,Mularkey,amularkeyh3@jimdo.com,Male,jcb,52151.50,CNY
617,Roxanne,Vyse,rvyseh4@jimdo.com,Female,switch,960126.89,BRL
618,Hetti,McCuffie,hmccuffieh5@weibo.com,Female,jcb,659732.90,CNY
619,Gerry,Marzelli,gmarzellih6@free.fr,Male,jcb,894526.76,IDR
620,Briggs,Asty,bastyh7@w3.org,Male,switch,381473.49,CNY
621,Jervis,Massy,jmassyh8@yandex.ru,Male,jcb,816090.96,CNY
622,Meryl,Propper,mpropperh9@ucsd.edu,Male,jcb,803610.64,BRL
623,Natalina,Dows,ndowsha@msn.com,Female,maestro,533306.26,IDR
624,Ruthe,Purselowe,rpurselowehb@toplist.cz,Female,instapayment,678529.26,EUR
625,Angie,Sawl,asawlhc@dion.ne.jp,Male,jcb,84612.98,UAH
626,Olympia,Handover,ohandoverhd@state.tx.us,Female,diners-club-carte-blanche,834043.29,EUR
627,Dniren,Shaudfurth,dshaudfurthhe@wiley.com,Female,jcb,427522.72,AFN
628,Finn,Simmon,fsimmonhf@wordpress.org,Male,jcb,424744.64,UGX
629,Shelia,Shavel,sshavelhg@printfriendly.com,Female,jcb,503125.84,JOD
630,Inez,Corde,icordehh@mozilla.org,Female,switch,274457.79,USD
631,Bidget,Briscam,bbriscamhi@facebook.com,Female,instapayment,566775.35,IDR
632,Teodor,Westfalen,twestfalenhj@ca.gov,Male,jcb,216434.85,EUR
633,Nikoletta,Peddowe,npeddowehk@wikispaces.com,Female,bankcard,641402.50,PEN
634,Edik,Forcer,eforcerhl@hp.com,Male,diners-club-carte-blanche,983317.31,EUR
635,Bernarr,Davenhall,bdavenhallhm@mediafire.com,Male,diners-club-enroute,188412.47,EUR
636,Geoffry,Cabedo,gcabedohn@eepurl.com,Male,jcb,241666.96,LBP
637,Virginia,Hollier,vhollierho@vk.com,Female,jcb,175924.91,CNY
638,Durward,Finlry,dfinlryhp@ocn.ne.jp,Male,jcb,246288.36,PHP
639,Missie,Alchin,malchinhq@tripod.com,Female,jcb,175047.00,CNY
640,Thaine,Raisbeck,traisbeckhr@hatena.ne.jp,Male,switch,533287.24,EGP
641,Rodolfo,Peetermann,rpeetermannhs@huffingtonpost.com,Male,jcb,955001.56,PEN
642,Wilek,Hargroves,whargrovesht@ox.ac.uk,Male,mastercard,39077.42,CZK
643,Abram,Desmond,adesmondhu@google.cn,Male,jcb,76472.21,CNY
644,Em,Elion,eelionhv@census.gov,Male,china-unionpay,174708.69,IDR
645,Lilllie,Raeside,lraesidehw@cisco.com,Female,jcb,87107.82,IDR
646,Calida,Dann,cdannhx@istockphoto.com,Female,maestro,283622.82,CNY
647,Sadie,Bourthouloume,sbourthouloumehy@a8.net,Female,maestro,539265.77,PLN
648,Mechelle,Yesenin,myeseninhz@friendfeed.com,Female,visa-electron,61566.83,USD
649,Noak,Sackes,nsackesi0@wufoo.com,Male,mastercard,569960.12,PLN
650,Ansley,felip,afelipi1@google.es,Female,maestro,352732.05,CNY
651,Beltran,Panchen,bpancheni2@samsung.com,Male,switch,99720.79,LTL
652,Sylvester,Deighan,sdeighani3@hc360.com,Male,maestro,448619.95,USD
653,Vinny,Benoiton,vbenoitoni4@ebay.co.uk,Male,jcb,240079.68,COP
654,Sean,Key,skeyi5@mediafire.com,Male,jcb,345195.40,IDR
655,Stan,Dunkley,sdunkleyi6@privacy.gov.au,Male,visa-electron,713916.48,CNY
656,Kerrill,Cheales,kchealesi7@reference.com,Female,mastercard,428947.29,PHP
657,Fred,Hiddsley,fhiddsleyi8@uiuc.edu,Male,mastercard,340135.97,AFN
658,Lou,Coneley,lconeleyi9@foxnews.com,Female,diners-club-us-ca,749174.57,GTQ
659,Dennie,Howkins,dhowkinsia@altervista.org,Male,visa-electron,533387.16,IDR
660,Hayes,Houtbie,hhoutbieib@opera.com,Male,bankcard,360963.44,RUB
661,Coriss,Yele,cyeleic@booking.com,Female,china-unionpay,117633.90,LAK
662,Janeen,Heel,jheelid@nih.gov,Female,jcb,12987.19,MNT
663,Di,Pixton,dpixtonie@time.com,Female,jcb,22975.76,NGN
664,Benjy,Hazlehurst,bhazlehurstif@gmpg.org,Male,jcb,228284.81,DOP
665,Shirlee,Siggens,ssiggensig@reference.com,Female,maestro,469619.33,USD
666,Finley,Spraging,fspragingih@wordpress.com,Male,jcb,762683.27,VEF
667,Yuri,Gisborne,ygisborneii@msu.edu,Male,jcb,782495.26,TTD
668,Bonni,Bollis,bbollisij@arstechnica.com,Female,diners-club-us-ca,980922.45,PHP
669,Ari,Swetland,aswetlandik@tinypic.com,Male,jcb,714856.76,EUR
670,Case,Aylen,caylenil@creativecommons.org,Male,jcb,806870.58,PEN
671,Dorey,Ineson,dinesonim@nature.com,Female,americanexpress,631449.14,IDR
672,Melantha,Hunnicot,mhunnicotin@qq.com,Female,diners-club-carte-blanche,956361.40,CAD
673,Marsh,Jakoubec,mjakoubecio@goodreads.com,Male,americanexpress,925623.85,JPY
674,Neddie,Gladtbach,ngladtbachip@etsy.com,Male,maestro,554457.55,IDR
675,Tris,Connock,tconnockiq@rakuten.co.jp,Male,bankcard,74799.40,PHP
676,Phineas,Waszczykowski,pwaszczykowskiir@ox.ac.uk,Male,diners-club-carte-blanche,203755.54,KGS
677,Lucas,O'Noulane,lonoulaneis@chron.com,Male,bankcard,447927.03,CZK
678,Boy,Webb-Bowen,bwebbbowenit@webnode.com,Male,jcb,586407.36,IDR
679,Janeva,Nana,jnanaiu@google.fr,Female,instapayment,191842.94,BGN
680,Dane,Fewings,dfewingsiv@rambler.ru,Male,americanexpress,879225.29,XOF
681,Rollin,Peare,rpeareiw@sphinn.com,Male,mastercard,200279.53,IDR
682,Hector,Seagar,hseagarix@google.cn,Male,mastercard,831195.03,IDR
683,Morgan,Costley,mcostleyiy@nydailynews.com,Female,maestro,480377.31,CNY
684,Roze,Houlworth,rhoulworthiz@sakura.ne.jp,Female,bankcard,625788.03,CNY
685,Doti,Oddy,doddyj0@mac.com,Female,jcb,132918.57,BDT
686,Jameson,Beckhouse,jbeckhousej1@yahoo.co.jp,Male,americanexpress,119106.98,JPY
687,Brendis,Darkins,bdarkinsj2@ed.gov,Male,jcb,524955.84,RUB
688,Barny,Knowlton,bknowltonj3@list-manage.com,Male,maestro,298242.50,PHP
689,Randall,Paskerful,rpaskerfulj4@yale.edu,Male,jcb,46869.53,EUR
690,Terence,Frost,tfrostj5@freewebs.com,Male,diners-club-enroute,882770.92,IDR
691,Dosi,Schole,dscholej6@accuweather.com,Female,jcb,70909.42,NGN
692,Ralina,Duthie,rduthiej7@cloudflare.com,Female,bankcard,72370.92,MAD
693,Miller,Frackiewicz,mfrackiewiczj8@techcrunch.com,Male,jcb,557075.55,ZAR
694,Shanon,Crowley,scrowleyj9@csmonitor.com,Female,switch,863729.49,PHP
695,Frank,Pedican,fpedicanja@slate.com,Female,jcb,12690.51,EUR
696,Abdul,Selvester,aselvesterjb@redcross.org,Male,maestro,815585.36,CNY
697,Lombard,Gasnell,lgasnelljc@linkedin.com,Male,switch,370349.33,NGN
698,Rodolphe,Skeath,rskeathjd@addtoany.com,Male,china-unionpay,617030.72,EUR
699,Valentino,Culross,vculrossje@webmd.com,Male,jcb,856560.08,RUB
700,Andree,Davidovitch,adavidovitchjf@independent.co.uk,Female,jcb,704156.59,EUR
701,Davina,Bramont,dbramontjg@sphinn.com,Female,jcb,471671.25,EUR
702,Dirk,Pennycord,dpennycordjh@bizjournals.com,Male,jcb,61867.08,PHP
703,Nelli,Mum,nmumji@typepad.com,Female,jcb,925330.23,CNY
704,Devondra,Guage,dguagejj@time.com,Female,visa-electron,660682.32,EUR
705,Sileas,Pallesen,spallesenjk@independent.co.uk,Female,diners-club-carte-blanche,553456.61,CNY
706,Winni,Madigan,wmadiganjl@blogger.com,Female,mastercard,218673.06,PHP
707,Ethelda,Strawbridge,estrawbridgejm@dailymotion.com,Female,mastercard,661901.64,CNY
708,Bartholomeo,Scanlan,bscanlanjn@youku.com,Male,china-unionpay,875274.99,IDR
709,Bevin,Perry,bperryjo@webeden.co.uk,Male,jcb,908947.82,VEF
710,Elmore,McClurg,emcclurgjp@devhub.com,Male,jcb,800686.02,CNY
711,Jocelyn,Shickle,jshicklejq@sogou.com,Female,jcb,592513.15,HNL
712,Whitman,Burgoine,wburgoinejr@wikimedia.org,Male,mastercard,62858.95,BRL
713,Padraic,Field,pfieldjs@marketwatch.com,Male,maestro,257606.67,COP
714,Fifine,Jeandeau,fjeandeaujt@walmart.com,Female,jcb,485280.86,USD
715,Maud,Storton,mstortonju@opensource.org,Female,jcb,51325.64,MDL
716,Humfried,Van den Oord,hvandenoordjv@mayoclinic.com,Male,instapayment,859137.38,CNY
717,Brooks,Andrys,bandrysjw@usnews.com,Male,jcb,412163.38,DOP
718,Bari,Dilkes,bdilkesjx@xing.com,Female,mastercard,752672.58,RUB
719,Martyn,Tadd,mtaddjy@berkeley.edu,Male,switch,238776.10,VND
720,Shae,Cattell,scattelljz@marriott.com,Male,china-unionpay,438491.55,JPY
721,Bowie,Bynert,bbynertk0@meetup.com,Male,jcb,105501.52,CNY
722,Patten,Eicheler,peichelerk1@g.co,Male,visa-electron,243714.00,USD
723,Matthew,Rolf,mrolfk2@t-online.de,Male,china-unionpay,486117.14,IDR
724,Mady,Blaker,mblakerk3@google.com,Female,diners-club-carte-blanche,432161.69,BGN
725,Clea,Sworder,csworderk4@tripadvisor.com,Female,jcb,937630.16,PKR
726,Stavro,Ohlsen,sohlsenk5@goodreads.com,Male,jcb,313139.23,CNY
727,Ranique,Thurlborn,rthurlbornk6@sakura.ne.jp,Female,jcb,522287.98,EUR
728,Aldric,Gilliard,agilliardk7@ning.com,Male,diners-club-us-ca,848772.44,USD
729,Selia,Allmond,sallmondk8@state.gov,Female,jcb,648895.54,EUR
730,Ingelbert,Setchell,isetchellk9@columbia.edu,Male,jcb,782.77,CNY
731,Bill,Saunper,bsaunperka@t-online.de,Male,visa-electron,821418.47,IDR
732,Elicia,Coneybeer,econeybeerkb@unc.edu,Female,diners-club-enroute,545326.25,IDR
733,Mace,Timeby,mtimebykc@simplemachines.org,Male,jcb,892574.19,CNY
734,George,Fitzackerley,gfitzackerleykd@ovh.net,Male,maestro,207342.38,EUR
735,Inger,Ballinger,iballingerke@blinklist.com,Male,jcb,577485.20,CNY
736,Hallie,Styles,hstyleskf@cdbaby.com,Female,jcb,772974.21,COP
737,Phaedra,Rillatt,prillattkg@businesswire.com,Female,jcb,428164.53,CNY
738,Laurens,Kitchin,lkitchinkh@mapy.cz,Male,diners-club-enroute,400704.76,KGS
739,Joanne,Andriveau,jandriveauki@nymag.com,Female,jcb,673609.31,EUR
740,Derward,Longrigg,dlongriggkj@cyberchimps.com,Male,diners-club-enroute,307666.32,PLN
741,Bambie,Sandall,bsandallkk@freewebs.com,Female,instapayment,765785.39,IDR
742,Charles,Kitchingham,ckitchinghamkl@purevolume.com,Male,jcb,455638.84,IDR
743,Avery,Barens,abarenskm@mapquest.com,Male,jcb,816852.09,USD
744,Menard,Chantrell,mchantrellkn@guardian.co.uk,Male,jcb,721557.58,COP
745,Carree,Roch,crochko@arizona.edu,Female,jcb,270155.67,CNY
746,Willetta,Allwood,wallwoodkp@mtv.com,Female,jcb,210012.32,NGN
747,Lucila,Sheers,lsheerskq@flickr.com,Female,maestro,241735.92,CNY
748,Mirabella,Fortye,mfortyekr@nature.com,Female,jcb,865197.64,CNY
749,Caspar,Farrand,cfarrandks@elpais.com,Male,solo,961927.41,CNY
750,Moreen,Cainey,mcaineykt@youtu.be,Female,jcb,39491.06,RUB
751,Corbett,Redding,creddingku@cnn.com,Male,diners-club-carte-blanche,212002.53,JOD
752,Lucinda,Malby,lmalbykv@moonfruit.com,Female,jcb,742436.54,CNY
753,Torie,Ackermann,tackermannkw@dot.gov,Female,china-unionpay,890739.44,IDR
754,Goddard,Potbury,gpotburykx@lulu.com,Male,jcb,857160.49,CNY
755,Rhona,Janaud,rjanaudky@noaa.gov,Female,switch,503223.65,IDR
756,Ilsa,Tchaikovsky,itchaikovskykz@china.com.cn,Female,maestro,743548.29,COP
757,Osmond,Feldharker,ofeldharkerl0@intel.com,Male,jcb,789331.32,PLN
758,Danila,Tollit,dtollitl1@china.com.cn,Female,solo,567657.08,BRL
759,Hillel,Berryman,hberrymanl2@yelp.com,Male,jcb,60434.87,IDR
760,Kaylil,Hatchard,khatchardl3@51.la,Female,jcb,789709.48,CZK
761,Valerie,Zanutti,vzanuttil4@hud.gov,Female,americanexpress,590913.57,ARS
762,Maud,Heenan,mheenanl5@washingtonpost.com,Female,visa-electron,468582.48,EUR
763,Vikky,Baptie,vbaptiel6@free.fr,Female,jcb,357725.14,EUR
764,Glyn,Macourek,gmacourekl7@state.gov,Male,visa-electron,549995.63,MNT
765,Wendye,Prest,wprestl8@sfgate.com,Female,mastercard,75791.12,CNY
766,Heindrick,Forsdyke,hforsdykel9@phoca.cz,Male,maestro,10040.73,SEK
767,Jaimie,Casbourne,jcasbournela@technorati.com,Female,switch,954040.91,CNY
768,Grantham,Jesteco,gjestecolb@bloglines.com,Male,china-unionpay,667193.59,CNY
769,Anetta,Constant,aconstantlc@irs.gov,Female,americanexpress,674914.43,EUR
770,Emmy,Ledbetter,eledbetterld@cocolog-nifty.com,Female,mastercard,229021.08,EUR
771,Teodor,Seals,tsealsle@odnoklassniki.ru,Male,jcb,173311.83,PLN
772,Viola,Morten,vmortenlf@joomla.org,Female,jcb,243423.93,CNY
773,Sheelagh,Windrum,swindrumlg@businesswire.com,Female,americanexpress,212602.39,CNY
774,Sonnie,Redparth,sredparthlh@photobucket.com,Female,jcb,717812.16,IDR
775,Celestine,Braune,cbrauneli@usatoday.com,Female,jcb,848245.03,CNY
776,Arty,Blasl,ablasllj@mapy.cz,Male,jcb,57164.84,CAD
777,Rosanna,Paolozzi,rpaolozzilk@reuters.com,Female,mastercard,848111.50,HNL
778,Kaylil,Assiratti,kassirattill@github.com,Female,jcb,795509.88,CNY
779,Janith,Durrett,jdurrettlm@opensource.org,Female,jcb,552584.98,SEK
780,Jacquette,Hathway,jhathwayln@simplemachines.org,Female,americanexpress,874076.31,CNY
781,Christye,Capeloff,ccapelofflo@europa.eu,Female,jcb,11491.66,NGN
782,Weylin,Withams,wwithamslp@cornell.edu,Male,jcb,358276.32,CNY
783,Symon,Price,spricelq@ycombinator.com,Male,bankcard,698920.32,MNT
784,Arlina,Lindores,alindoreslr@google.pl,Female,jcb,244350.90,CNY
785,Micky,Stoving,mstovingls@prnewswire.com,Female,switch,450660.20,CNY
786,Benjie,Howgate,bhowgatelt@statcounter.com,Male,jcb,88617.73,CNY
787,Mischa,Fewkes,mfewkeslu@alibaba.com,Male,diners-club-carte-blanche,133414.85,HRK
788,Dayna,Rhoades,drhoadeslv@reverbnation.com,Female,jcb,89409.50,MNT
789,Maggee,Revens,mrevenslw@cbc.ca,Female,jcb,690034.88,XOF
790,Tammara,Ruzicka,truzickalx@ed.gov,Female,solo,685582.56,IRR
791,Antonetta,Tapply,atapplyly@wunderground.com,Female,diners-club-international,617738.73,EUR
792,Yolanthe,Wilding,ywildinglz@constantcontact.com,Female,switch,860156.51,KRW
793,Edwina,Guye,eguyem0@home.pl,Female,jcb,936382.96,HRK
794,Michell,Attwell,mattwellm1@utexas.edu,Female,visa,225745.90,MXN
795,Linn,Embling,lemblingm2@tinypic.com,Male,jcb,826173.43,BRL
796,Lavina,Linstead,llinsteadm3@bluehost.com,Female,diners-club-enroute,184565.80,SEK
797,Stillmann,Salmond,ssalmondm4@goo.gl,Male,americanexpress,594636.23,EUR
798,Beale,McWilliams,bmcwilliamsm5@bing.com,Male,jcb,64902.41,RUB
799,Kim,Sayre,ksayrem6@amazon.de,Male,china-unionpay,156339.87,IDR
800,Erwin,Vivien,evivienm7@bigcartel.com,Male,jcb,397927.87,EUR
801,Vanya,Letessier,vletessierm8@123-reg.co.uk,Female,jcb,818298.67,IDR
802,Kirsteni,Wickmann,kwickmannm9@weibo.com,Female,americanexpress,596185.96,BRL
803,Gweneth,Paolozzi,gpaolozzima@github.io,Female,solo,48384.71,ZWL
804,Sallie,Ganiclef,sganiclefmb@hao123.com,Female,jcb,327887.69,BRL
805,Harli,Hultberg,hhultbergmc@dell.com,Female,diners-club-carte-blanche,275256.61,TZS
806,Merle,Oakwell,moakwellmd@nature.com,Male,china-unionpay,436109.08,IDR
807,Jamaal,Sails,jsailsme@barnesandnoble.com,Male,jcb,931384.22,IDR
808,Jinny,Astell,jastellmf@tamu.edu,Female,jcb,510681.81,HNL
809,Mirilla,Orpyne,morpynemg@businessweek.com,Female,diners-club-carte-blanche,235926.49,SDG
810,Kendell,Skule,kskulemh@java.com,Male,jcb,514895.23,CNY
811,Juditha,Bunhill,jbunhillmi@google.co.uk,Female,jcb,49402.75,ARS
812,Leodora,Gooddy,lgooddymj@list-manage.com,Female,visa-electron,634809.93,CNY
813,Mela,Pimlett,mpimlettmk@statcounter.com,Female,visa-electron,365981.17,BRL
814,Den,Haggar,dhaggarml@bing.com,Male,laser,768205.81,PAB
815,Sadella,Harnell,sharnellmm@unesco.org,Female,visa-electron,336344.57,BRL
816,Riva,Gallatly,rgallatlymn@thetimes.co.uk,Female,visa-electron,72743.48,CUP
817,Leroy,Lattos,llattosmo@ow.ly,Male,jcb,736985.46,CNY
818,Murdock,March,mmarchmp@tumblr.com,Male,jcb,480812.56,EUR
819,Tomaso,Beernt,tbeerntmq@usda.gov,Male,maestro,877585.48,CNY
820,Anna-diane,Martin,amartinmr@xrea.com,Female,jcb,437252.95,PGK
821,Allistir,Rickson,aricksonms@theatlantic.com,Male,mastercard,565371.21,CNY
822,Joannes,Vanyard,jvanyardmt@toplist.cz,Female,diners-club-carte-blanche,836131.04,IDR
823,Timmy,Lytton,tlyttonmu@diigo.com,Female,jcb,814882.42,ARS
824,Lemmie,Demaid,ldemaidmv@dot.gov,Male,diners-club-enroute,193477.40,SEK
825,Victoria,Ratcliff,vratcliffmw@state.tx.us,Female,diners-club-enroute,105061.50,RSD
826,Mordy,Misken,mmiskenmx@over-blog.com,Male,jcb,932106.01,IDR
827,Penrod,Lorriman,plorrimanmy@comsenz.com,Male,instapayment,325225.78,CNY
828,Derwin,Keeting,dkeetingmz@accuweather.com,Male,jcb,61736.13,CNY
829,Teodora,Grishenkov,tgrishenkovn0@rediff.com,Female,visa-electron,25944.14,XAF
830,Odie,Pyer,opyern1@vkontakte.ru,Male,bankcard,712934.70,CAD
831,Melicent,Gostyke,mgostyken2@youku.com,Female,jcb,28843.33,RUB
832,Olenolin,Forsyth,oforsythn3@flickr.com,Male,jcb,207817.92,VND
833,Dody,Shyres,dshyresn4@bluehost.com,Female,diners-club-carte-blanche,489156.14,PEN
834,Ara,Moulder,amouldern5@tripadvisor.com,Male,jcb,30161.15,JPY
835,Harper,Ugolini,hugolinin6@howstuffworks.com,Male,maestro,98940.02,IDR
836,Tobye,Brauner,tbraunern7@howstuffworks.com,Female,bankcard,164203.60,EUR
837,Chere,Blaksley,cblaksleyn8@cam.ac.uk,Female,laser,551258.40,IDR
838,Lemuel,Coche,lcochen9@google.cn,Male,china-unionpay,927452.72,SEK
839,Chantal,Josham,cjoshamna@quantcast.com,Female,jcb,928643.47,MNT
840,Herman,Silvermann,hsilvermannnb@yellowbook.com,Male,instapayment,982995.17,GBP
841,Jade,Vaisey,jvaiseync@samsung.com,Female,jcb,734663.20,THB
842,Nedda,Remer,nremernd@yelp.com,Female,visa-electron,181809.90,JPY
843,Netty,Gutherson,nguthersonne@mediafire.com,Female,jcb,488560.77,IDR
844,Beniamino,Du Fray,bdufraynf@yandex.ru,Male,jcb,432242.34,COP
845,Kevyn,Stang-Gjertsen,kstanggjertsenng@npr.org,Female,jcb,511818.03,NGN
846,Bonny,Gadault,bgadaultnh@fotki.com,Female,diners-club-us-ca,926883.53,RSD
847,Alexander,Lukock,alukockni@webnode.com,Male,jcb,239724.20,PHP
848,Doug,Charles,dcharlesnj@tmall.com,Male,switch,583412.54,CNY
849,Delora,Ghilardini,dghilardinink@flavors.me,Female,jcb,519509.40,USD
850,Nannie,Paine,npainenl@cmu.edu,Female,jcb,359429.79,PLN
851,Halli,Aldin,haldinnm@a8.net,Female,switch,994250.02,PHP
852,Dorolisa,Snaddon,dsnaddonnn@hao123.com,Female,diners-club-enroute,779569.86,EUR
853,Verna,Woodgate,vwoodgateno@addtoany.com,Female,jcb,601064.25,EUR
854,Lammond,Bayly,lbaylynp@icq.com,Male,visa,823192.87,EUR
855,Artemus,Garrow,agarrownq@soup.io,Male,diners-club-enroute,921917.86,CNY
856,Keir,Lindwasser,klindwassernr@hexun.com,Male,jcb,819613.54,CNY
857,Bobina,Grinsdale,bgrinsdalens@skype.com,Female,visa-electron,664165.19,RUB
858,Ursola,Hue,uhuent@google.es,Female,laser,841321.74,EUR
859,Rick,Maypother,rmaypothernu@mashable.com,Male,diners-club-enroute,893747.47,GEL
860,Wenonah,Guerro,wguerronv@google.es,Female,jcb,422399.53,IDR
861,Joleen,Rablin,jrablinnw@dell.com,Female,jcb,125995.60,EUR
862,Harper,Vye,hvyenx@symantec.com,Male,laser,891154.73,ZWL
863,Jammal,Matovic,jmatovicny@wsj.com,Male,bankcard,458944.59,EUR
864,Timmy,Standish,tstandishnz@google.co.uk,Male,visa-electron,680914.57,UAH
865,Katy,Gheorghie,kgheorghieo0@miibeian.gov.cn,Female,jcb,144794.84,PHP
866,Emmalyn,Grellis,egrelliso1@about.com,Female,switch,968913.74,MMK
867,Beverly,Warrell,bwarrello2@vkontakte.ru,Female,jcb,58525.21,IDR
868,Chrystal,O'Conor,coconoro3@about.com,Female,china-unionpay,879160.56,HRK
869,Allayne,MacAlpine,amacalpineo4@yandex.ru,Male,visa-electron,870472.11,IDR
870,Zita,Crossfield,zcrossfieldo5@google.it,Female,mastercard,219133.28,IDR
871,Tressa,Hendrichs,thendrichso6@booking.com,Female,americanexpress,145738.29,KZT
872,Cedric,Tidcombe,ctidcombeo7@sbwire.com,Male,jcb,589664.81,IDR
873,Ole,Geharke,ogeharkeo8@creativecommons.org,Male,jcb,997474.97,IDR
874,Garry,Tall,gtallo9@toplist.cz,Male,jcb,145195.09,HRK
875,Nikolai,Bowne,nbowneoa@icio.us,Male,diners-club-enroute,30471.28,BRL
876,Padraic,Townson,ptownsonob@smugmug.com,Male,jcb,387351.66,CZK
877,Corny,Verheyden,cverheydenoc@livejournal.com,Male,mastercard,690295.12,SEK
878,Paloma,Filintsev,pfilintsevod@earthlink.net,Female,bankcard,791618.76,EUR
879,Wenonah,Durker,wdurkeroe@java.com,Female,jcb,660492.57,BDT
880,Nickey,Dyas,ndyasof@zimbio.com,Male,jcb,52251.48,BRL
881,Karlyn,Saundercock,ksaundercockog@cargocollective.com,Female,mastercard,262690.34,CDF
882,Etty,Poure,epoureoh@google.co.jp,Female,americanexpress,656798.69,XAF
883,Roxi,Bunson,rbunsonoi@sitemeter.com,Female,solo,569988.76,USD
884,Solomon,Majury,smajuryoj@chicagotribune.com,Male,jcb,389028.83,EUR
885,Rodolph,Lassey,rlasseyok@stumbleupon.com,Male,americanexpress,276704.45,JPY
886,Dorie,Andersen,dandersenol@timesonline.co.uk,Male,americanexpress,188177.52,CNY
887,Frederik,Trotter,ftrotterom@loc.gov,Male,mastercard,333443.51,CNY
888,Brigitta,Camber,bcamberon@senate.gov,Female,mastercard,100524.25,PLN
889,Colene,Swinburne,cswinburneoo@answers.com,Female,diners-club-international,508499.64,CNY
890,Otha,Lapides,olapidesop@sun.com,Female,mastercard,270311.94,CNY
891,Winifield,Malkinson,wmalkinsonoq@list-manage.com,Male,mastercard,397280.46,UAH
892,Fina,McGuggy,fmcguggyor@prlog.org,Female,jcb,821885.51,IDR
893,Henri,Dimmack,hdimmackos@nhs.uk,Male,visa,680135.70,CNY
894,Homere,Shepard,hshepardot@barnesandnoble.com,Male,diners-club-enroute,816605.26,CNY
895,Miran,Nutley,mnutleyou@posterous.com,Female,diners-club-enroute,778393.62,RUB
896,Sela,Muschette,smuschetteov@blogtalkradio.com,Female,jcb,958301.99,IDR
897,Elena,Coller,ecollerow@archive.org,Female,jcb,232658.04,IDR
898,Ruthe,Scarlin,rscarlinox@stanford.edu,Female,mastercard,407948.94,IDR
899,Nat,Jeffs,njeffsoy@cbslocal.com,Male,jcb,236020.97,IDR
900,Fields,Groundwater,fgroundwateroz@google.com,Male,jcb,765559.65,PKR
901,Peadar,Jacketts,pjackettsp0@oakley.com,Male,laser,896396.91,CNY
902,Jarib,Trenchard,jtrenchardp1@theglobeandmail.com,Male,visa,722019.59,CNY
903,Shurlocke,Halling,shallingp2@lulu.com,Male,laser,836281.37,NPR
904,Hyacintha,Adamovitz,hadamovitzp3@parallels.com,Female,diners-club-us-ca,733219.13,PHP
905,Marjy,Phillipps,mphillippsp4@archive.org,Female,diners-club-carte-blanche,691219.59,CNY
906,Verne,MacMaster,vmacmasterp5@home.pl,Male,jcb,101565.84,CNY
907,Loella,Strathern,lstrathernp6@newsvine.com,Female,visa,629644.00,CNY
908,Debbi,Mariolle,dmariollep7@surveymonkey.com,Female,jcb,617850.88,GTQ
909,Dayna,Capstaff,dcapstaffp8@cmu.edu,Female,jcb,948101.69,TZS
910,Kelcie,Battey,kbatteyp9@sciencedaily.com,Female,jcb,667914.02,CNY
911,Corliss,Kleszinski,ckleszinskipa@seesaa.net,Female,jcb,525477.53,IDR
912,Konstantin,Bonin,kboninpb@comsenz.com,Male,diners-club-enroute,334910.67,CAD
913,Gusty,Aguilar,gaguilarpc@google.com.br,Female,jcb,921380.32,KGS
914,Titus,Colvill,tcolvillpd@cpanel.net,Male,diners-club-enroute,719118.06,CNY
915,Luelle,McFadin,lmcfadinpe@arizona.edu,Female,jcb,587134.99,CNY
916,Andonis,Rewan,arewanpf@techcrunch.com,Male,jcb,448136.85,COP
917,Keenan,Cowden,kcowdenpg@slashdot.org,Male,jcb,557855.15,EUR
918,Jarrod,Cregan,jcreganph@google.co.jp,Male,jcb,126194.56,BRL
919,Kaila,Melley,kmelleypi@weebly.com,Female,jcb,553035.34,CNY
920,Royce,Olenchikov,rolenchikovpj@drupal.org,Male,visa,660118.08,PKR
921,Nonah,Haslehurst,nhaslehurstpk@fotki.com,Female,bankcard,510088.42,CNY
922,Sheri,Whatley,swhatleypl@theatlantic.com,Female,switch,889221.56,UAH
923,Gerrard,Merrisson,gmerrissonpm@yale.edu,Male,americanexpress,119959.94,AMD
924,Sena,Barwise,sbarwisepn@sfgate.com,Female,maestro,110436.12,CLP
925,Evin,Cowie,ecowiepo@tripod.com,Male,jcb,483516.81,IDR
926,Isaak,Larcier,ilarcierpp@disqus.com,Male,jcb,334793.31,EUR
927,Cleo,Holtom,choltompq@techcrunch.com,Female,switch,854070.74,BRL
928,Mahalia,McLafferty,mmclaffertypr@bluehost.com,Female,visa-electron,680986.28,IDR
929,Harvey,Oleszczak,holeszczakps@soundcloud.com,Male,jcb,695877.39,CVE
930,Cristal,Kisby,ckisbypt@sourceforge.net,Female,jcb,23679.36,EUR
931,Ashlan,Cotty,acottypu@time.com,Female,jcb,224423.25,CAD
932,Cristy,Stamps,cstampspv@linkedin.com,Female,jcb,563200.43,HRK
933,Carney,Gossage,cgossagepw@weather.com,Male,jcb,772992.18,PEN
934,Mord,Mitkov,mmitkovpx@goo.ne.jp,Male,diners-club-enroute,345806.20,MXN
935,Sonya,Campanelle,scampanellepy@hc360.com,Female,visa,652115.55,MGA
936,Calhoun,Robertet,crobertetpz@flavors.me,Male,jcb,921589.82,CZK
937,Mindy,Flatt,mflattq0@cdbaby.com,Female,jcb,865077.68,CNY
938,Libbi,Gouldthorpe,lgouldthorpeq1@acquirethisname.com,Female,visa-electron,595408.81,CNY
939,Kari,Cline,kclineq2@google.it,Female,visa-electron,904405.41,CNY
940,Fannie,Karpinski,fkarpinskiq3@cdc.gov,Female,jcb,656687.43,PLN
941,Wilhelmine,Cinelli,wcinelliq4@toplist.cz,Female,jcb,795534.48,CZK
942,Lisabeth,Viccars,lviccarsq5@slashdot.org,Female,maestro,343369.56,VND
943,Hedvige,Hightown,hhightownq6@fda.gov,Female,jcb,414842.10,PLN
944,Cesaro,Haywood,chaywoodq7@etsy.com,Male,jcb,500973.07,JPY
945,Brandyn,MacWilliam,bmacwilliamq8@state.tx.us,Male,jcb,57286.95,MXN
946,Pablo,Connock,pconnockq9@posterous.com,Male,instapayment,366056.04,PYG
947,Rebekah,Lenox,rlenoxqa@toplist.cz,Female,diners-club-us-ca,580511.15,CNY
948,Gard,Berfoot,gberfootqb@mashable.com,Male,visa,590690.06,ARS
949,Raina,Blaze,rblazeqc@springer.com,Female,jcb,405041.89,ZAR
950,Clementine,Karolewski,ckarolewskiqd@examiner.com,Female,jcb,669809.25,CNY
951,Romain,Seelbach,rseelbachqe@huffingtonpost.com,Male,mastercard,391324.36,CNY
952,Keelia,Corby,kcorbyqf@t.co,Female,jcb,57019.43,COP
953,Lola,Yuryshev,lyuryshevqg@oakley.com,Female,jcb,16332.39,KES
954,Reiko,Yurmanovev,ryurmanovevqh@moonfruit.com,Female,jcb,110294.79,IDR
955,Kimmi,Quesne,kquesneqi@arstechnica.com,Female,mastercard,830689.69,PHP
956,Waldo,Grahl,wgrahlqj@xrea.com,Male,switch,283639.75,JPY
957,Sileas,Nizet,snizetqk@prnewswire.com,Female,jcb,902457.59,SEK
958,Kylila,Wallbutton,kwallbuttonql@flavors.me,Female,maestro,837080.21,BRL
959,Clovis,Tellenbrook,ctellenbrookqm@skyrock.com,Female,jcb,670680.54,RUB
960,Sybil,Morigan,smoriganqn@printfriendly.com,Female,visa,630533.53,NZD
961,Kit,McGilvary,kmcgilvaryqo@cafepress.com,Male,laser,452273.89,IDR
962,Suzanne,McKea,smckeaqp@springer.com,Female,jcb,104054.23,JOD
963,Bonnie,Do Rosario,bdorosarioqq@toplist.cz,Female,jcb,643808.00,NGN
964,Torr,Killelay,tkillelayqr@gnu.org,Male,china-unionpay,212563.43,EUR
965,Lishe,de Merida,ldemeridaqs@typepad.com,Female,jcb,158749.93,EUR
966,Amitie,Bagguley,abagguleyqt@woothemes.com,Female,jcb,779232.71,IDR
967,Fayette,Pountney,fpountneyqu@t-online.de,Female,visa-electron,188560.32,IDR
968,Wendell,Augie,waugieqv@imgur.com,Male,maestro,845911.60,IDR
969,Meredith,Huyge,mhuygeqw@harvard.edu,Male,china-unionpay,494185.18,EUR
970,Owen,Tanti,otantiqx@tripadvisor.com,Male,switch,452045.91,RUB
971,Nil,Umney,numneyqy@123-reg.co.uk,Male,jcb,749664.64,COP
972,Charlie,Lashford,clashfordqz@wired.com,Male,jcb,303607.77,RUB
973,Jeramey,Sambiedge,jsambiedger0@usgs.gov,Male,diners-club-enroute,121211.00,BYR
974,Gwendolen,Francioli,gfranciolir1@freewebs.com,Female,maestro,550741.01,IDR
975,Dean,Ranald,dranaldr2@mapquest.com,Male,visa-electron,14073.50,CNY
976,Orsola,Wharram,owharramr3@wikimedia.org,Female,jcb,580943.56,CNY
977,Berny,Dismore,bdismorer4@cnet.com,Female,americanexpress,318883.67,IDR
978,Ezri,MacClancey,emacclanceyr5@so-net.ne.jp,Male,jcb,599175.45,SEK
979,Casey,Kuhlen,ckuhlenr6@microsoft.com,Male,diners-club-enroute,668472.08,CNY
980,Jessika,Sparhawk,jsparhawkr7@cnbc.com,Female,jcb,43709.55,BOB
981,Paco,Booij,pbooijr8@tamu.edu,Male,jcb,845068.25,EUR
982,Teodorico,Weepers,tweepersr9@etsy.com,Male,china-unionpay,330693.10,SEK
983,Reginald,Lasselle,rlassellera@biglobe.ne.jp,Male,bankcard,19613.85,ARS
984,Iago,Stobbs,istobbsrb@imdb.com,Male,americanexpress,347038.03,CNY
985,Jan,Grimley,jgrimleyrc@wikipedia.org,Male,laser,595518.82,BRL
986,Marylou,Peatt,mpeattrd@pbs.org,Female,jcb,443378.05,THB
987,Clywd,Mowson,cmowsonre@apache.org,Male,maestro,531830.49,BRL
988,Bryant,Donaldson,bdonaldsonrf@msn.com,Male,laser,817490.08,IDR
989,Bernie,Dillicate,bdillicaterg@ucoz.com,Female,bankcard,951314.28,IDR
990,Ferne,Sirkett,fsirkettrh@weibo.com,Female,visa-electron,305428.22,IDR
991,Welby,Scay,wscayri@howstuffworks.com,Male,jcb,388064.58,RUB
992,Wren,Mossbee,wmossbeerj@webs.com,Female,laser,19151.89,IDR
993,Revkah,Storks,rstorksrk@mysql.com,Female,china-unionpay,612618.91,CNY
994,Lisette,Heers,lheersrl@tinyurl.com,Female,switch,665637.20,RUB
995,Shara,Nickols,snickolsrm@techcrunch.com,Female,jcb,864755.03,UAH
996,Bailie,Leadbeater,bleadbeaterrn@amazonaws.com,Male,china-unionpay,122558.57,EUR
997,Billie,Quigg,bquiggro@cyberchimps.com,Male,jcb,606953.02,PKR
998,Lorain,Janczewski,ljanczewskirp@lycos.com,Female,diners-club-carte-blanche,480818.88,SEK
999,Robina,Stickells,rstickellsrq@nasa.gov,Female,bankcard,419448.93,XAF
1000,Stoddard,Blant,sblantrr@scientificamerican.com,Female,jcb,541902.88,JPY
